property_id,district,zone,price_tier,property_type,latitude,longitude,size_sqm,rooms,floor,year_built,condition,price_eur,price_band,price_per_sqm,monthly_rent_eur,gross_yield_pct,energy_class,heating_type,parking,has_balcony,has_elevator,pets_allowed,walk_score,transit_score,bike_score,dist_ubahn_km,currently_listed,days_on_market
MUC-1000,Schwabing-Freimann,inner_ring,premium,penthouse,48.161700,11.582251,112.3,4,8,1931,needs_renovation,718000,500K-750K,6398,1823,3.05,D,underfloor,underground_garage,True,True,True,65,58,68,1.98,True,2
MUC-1001,Haidhausen,inner_ring,mid,penthouse,48.131955,11.593008,124.5,5,1,1931,fair,801000,750K-1M,6431,2885,4.32,E,underfloor,underground_garage,True,True,True,79,76,77,1.39,False,0
MUC-1002,Milbertshofen,outer_ring,mid,apartment,48.182956,11.567237,97.8,4,1,1949,new_build,653000,500K-750K,6675,2017,3.71,D,district_heating,none,False,False,True,69,71,79,1.34,True,98
MUC-1003,Sendling,outer_ring,mid,loft,48.124749,11.542000,77.6,3,0,1949,new_build,652000,500K-750K,8405,1970,3.63,B,underfloor,outdoor_spot,True,True,True,75,70,76,1.71,True,144
MUC-1004,Trudering-Riem,suburbs,entry,loft,48.111506,11.653738,92.0,3,2,1985,fair,403000,<500K,4385,1032,3.07,A,underfloor,none,True,False,True,82,83,79,0.95,False,0
MUC-1005,Altstadt-Lehel,city_center,luxury,loft,48.141527,11.563837,120.1,5,5,1934,good,1202000,1M+,10009,3714,3.71,B,district_heating,none,False,True,True,69,61,71,2.1,False,0
MUC-1006,Giesing,outer_ring,mid,loft,48.097968,11.596775,136.3,5,0,1996,good,858000,750K-1M,6296,2270,3.17,B,district_heating,underground_garage,True,False,True,75,72,70,1.83,False,0
MUC-1007,Bogenhausen,inner_ring,premium,penthouse,48.151734,11.623605,132.4,5,6,1947,needs_renovation,1071000,1M+,8088,3638,4.08,E,underfloor,underground_garage,False,True,True,63,68,70,2.0,True,6
MUC-1008,Feldmoching,suburbs,entry,apartment,48.215994,11.530753,41.7,2,3,1928,new_build,278000,<500K,6656,721,3.11,E,underfloor,underground_garage,True,True,False,89,78,79,0.57,True,25
MUC-1009,Ramersdorf-Perlach,suburbs,entry,townhouse,48.090303,11.610433,118.1,4,1,1927,fair,691000,500K-750K,5848,2447,4.25,B,underfloor,underground_garage,True,False,True,79,81,77,0.72,True,167
MUC-1010,Trudering-Riem,suburbs,entry,penthouse,48.125265,11.665270,116.6,4,3,1971,new_build,615000,500K-750K,5277,1539,3.0,D,underfloor,underground_garage,False,True,False,67,67,67,2.28,True,15
MUC-1011,Feldmoching,suburbs,entry,studio,48.220358,11.514929,23.3,1,8,1987,renovated,103000,<500K,4434,325,3.79,C,gas_central,none,True,True,True,53,55,74,2.29,True,108
MUC-1012,Feldmoching,suburbs,entry,studio,48.216265,11.522591,26.7,1,3,1953,fair,116000,<500K,4338,387,4.0,D,district_heating,underground_garage,True,True,True,87,85,74,0.97,True,34
MUC-1013,Milbertshofen,outer_ring,mid,studio,48.190241,11.572478,28.6,1,8,2010,good,197000,<500K,6885,745,4.54,D,gas_central,outdoor_spot,True,True,True,51,66,66,2.4,False,0
MUC-1014,Bogenhausen,inner_ring,premium,townhouse,48.142436,11.613345,161.4,6,4,1984,fair,1277000,1M+,7910,4700,4.42,B,gas_central,none,False,True,True,83,84,75,0.93,False,0
MUC-1015,Trudering-Riem,suburbs,entry,apartment,48.122136,11.653027,42.1,2,2,1989,new_build,286000,<500K,6794,932,3.91,D,district_heating,outdoor_spot,False,False,True,76,76,86,0.84,True,144
MUC-1016,Ramersdorf-Perlach,suburbs,entry,penthouse,48.105172,11.620584,228.3,9,2,1972,new_build,1247000,1M+,5461,4616,4.44,B,gas_central,none,True,True,True,56,63,71,2.45,False,0
MUC-1017,Neuhausen-Nymphenburg,inner_ring,premium,studio,48.149690,11.533154,29.0,1,3,1948,new_build,285000,<500K,9815,860,3.62,C,heat_pump,underground_garage,True,True,False,58,70,70,1.99,True,68
MUC-1018,Maxvorstadt,city_center,luxury,townhouse,48.141402,11.565837,228.0,8,8,1934,fair,2594000,1M+,11379,7126,3.3,D,gas_central,outdoor_spot,True,True,True,74,75,81,1.27,False,0
MUC-1019,Moosach,outer_ring,mid,apartment,48.185056,11.523802,103.4,3,4,2005,fair,628000,500K-750K,6076,2139,4.09,D,gas_central,none,True,True,False,72,78,77,1.16,True,1
MUC-1020,Pasing-Obermenzing,suburbs,mid,loft,48.135686,11.447097,108.5,4,7,1976,renovated,699000,500K-750K,6441,2469,4.24,D,heat_pump,underground_garage,False,True,True,76,74,73,1.49,True,51
MUC-1021,Bogenhausen,inner_ring,premium,maisonette,48.136486,11.602545,141.1,5,7,1973,needs_renovation,923000,750K-1M,6544,3143,4.09,D,district_heating,outdoor_spot,False,True,True,57,65,64,2.25,False,0
MUC-1022,Maximiliansviertel,city_center,ultra,apartment,48.137749,11.590822,78.4,3,8,1991,needs_renovation,734000,500K-750K,9361,2556,4.18,E,underfloor,underground_garage,True,True,False,91,89,82,0.6,False,0
MUC-1023,Neuhausen-Nymphenburg,inner_ring,premium,loft,48.165057,11.513919,98.8,3,7,1929,good,744000,500K-750K,7528,2185,3.52,B,gas_central,underground_garage,True,True,False,56,58,69,2.12,True,120
MUC-1024,Ramersdorf-Perlach,suburbs,entry,maisonette,48.083294,11.623087,170.5,6,0,2017,needs_renovation,707000,500K-750K,4145,1773,3.01,C,gas_central,outdoor_spot,False,True,False,65,69,75,2.22,True,87
MUC-1025,Schwabing-Ost,inner_ring,premium,penthouse,48.165180,11.602315,246.9,9,6,1995,needs_renovation,1719000,1M+,6964,4485,3.13,B,underfloor,outdoor_spot,False,True,False,75,64,71,1.72,True,108
MUC-1026,Sendling,outer_ring,mid,townhouse,48.121038,11.536909,190.9,7,5,1948,new_build,1687000,1M+,8835,5647,4.02,B,gas_central,outdoor_spot,True,True,True,78,66,69,1.57,False,0
MUC-1027,Au-Haidhausen,inner_ring,mid,penthouse,48.128187,11.596907,186.9,7,1,2019,renovated,1597000,1M+,8543,4217,3.17,C,gas_central,underground_garage,True,False,True,74,78,83,1.19,True,179
MUC-1028,Pasing-Obermenzing,suburbs,mid,apartment,48.149207,11.452212,110.6,4,0,1964,needs_renovation,521000,500K-750K,4715,1553,3.58,A,heat_pump,none,True,False,False,68,76,79,1.59,True,134
MUC-1029,Sendling,outer_ring,mid,maisonette,48.115782,11.550389,126.5,5,4,1961,renovated,978000,750K-1M,7729,2555,3.13,C,district_heating,outdoor_spot,False,True,True,61,66,73,1.95,True,91
MUC-1030,Sendling,outer_ring,mid,townhouse,48.109168,11.549210,242.0,9,8,1944,new_build,1789000,1M+,7393,5418,3.63,C,district_heating,underground_garage,False,True,True,64,68,76,1.74,True,63
MUC-1031,Pasing-Obermenzing,suburbs,mid,loft,48.144735,11.445271,102.5,4,8,1962,good,718000,500K-750K,7000,2048,3.42,C,gas_central,underground_garage,False,True,True,74,73,75,0.97,True,151
MUC-1032,Maximiliansviertel,city_center,ultra,penthouse,48.140923,11.603515,137.4,5,4,1921,needs_renovation,1131000,1M+,8230,2894,3.07,D,district_heating,underground_garage,True,True,False,70,80,78,1.42,False,0
MUC-1033,Au-Haidhausen,inner_ring,mid,studio,48.119577,11.602865,43.6,2,1,1971,fair,262000,<500K,6019,869,3.98,E,district_heating,none,True,False,True,66,72,73,1.55,True,134
MUC-1034,Schwabing-Ost,inner_ring,premium,loft,48.158612,11.590382,139.2,5,0,1998,new_build,1401000,1M+,10066,3881,3.32,A,district_heating,outdoor_spot,True,False,False,90,78,80,0.47,True,60
MUC-1035,Pasing-Obermenzing,suburbs,mid,maisonette,48.145767,11.455290,87.1,3,4,2020,needs_renovation,471000,<500K,5405,1749,4.46,D,district_heating,underground_garage,False,True,False,75,75,81,1.37,True,146
MUC-1036,Pasing-Obermenzing,suburbs,mid,studio,48.139340,11.448261,38.1,2,8,1989,fair,241000,<500K,6326,790,3.93,B,district_heating,none,False,True,True,84,80,74,0.95,True,45
MUC-1037,Glockenbachviertel,inner_ring,premium,studio,48.130155,11.558267,26.2,1,7,1931,fair,221000,<500K,8422,648,3.52,B,underfloor,none,True,True,False,89,78,84,0.73,True,65
MUC-1038,Moosach,outer_ring,mid,loft,48.172882,11.527076,126.0,4,8,1979,fair,709000,500K-750K,5627,2250,3.81,B,gas_central,outdoor_spot,True,True,True,62,63,65,2.15,True,8
MUC-1039,Aubing,suburbs,entry,studio,48.151384,11.429393,34.7,1,1,1948,new_build,199000,<500K,5729,528,3.18,B,underfloor,outdoor_spot,False,False,True,65,70,72,1.94,True,154
MUC-1040,Maximiliansviertel,city_center,ultra,apartment,48.144511,11.578195,61.2,2,6,1963,needs_renovation,548000,500K-750K,8962,1372,3.0,E,underfloor,none,True,True,False,69,66,73,2.06,False,0
MUC-1041,Trudering-Riem,suburbs,entry,penthouse,48.114253,11.664186,246.9,9,6,1949,fair,1108000,1M+,4489,3843,4.16,D,gas_central,outdoor_spot,True,True,True,71,65,75,1.87,True,152
MUC-1042,Moosach,outer_ring,mid,maisonette,48.190973,11.530126,90.0,4,0,2012,renovated,540000,500K-750K,6002,1810,4.02,D,district_heating,outdoor_spot,True,True,False,64,73,70,1.98,True,125
MUC-1043,Trudering-Riem,suburbs,entry,townhouse,48.106062,11.638253,212.7,7,3,2015,new_build,1259000,1M+,5919,3309,3.15,E,district_heating,outdoor_spot,True,True,False,60,56,68,2.72,True,111
MUC-1044,Bogenhausen,inner_ring,premium,townhouse,48.141761,11.607562,228.9,8,1,1998,fair,2029000,1M+,8862,5708,3.38,B,district_heating,outdoor_spot,False,False,True,65,70,72,1.61,True,89
MUC-1045,Feldmoching,suburbs,entry,townhouse,48.209880,11.541961,147.5,6,3,1969,fair,633000,500K-750K,4290,1896,3.59,D,underfloor,outdoor_spot,True,True,True,63,70,67,1.88,False,0
MUC-1046,Maxvorstadt,city_center,luxury,studio,48.160655,11.575155,39.8,1,5,1948,renovated,397000,<500K,9966,1342,4.06,E,district_heating,outdoor_spot,True,True,True,64,68,71,2.23,False,0
MUC-1047,Bogenhausen,inner_ring,premium,townhouse,48.138063,11.604053,172.3,6,8,1966,needs_renovation,1296000,1M+,7522,3699,3.43,B,heat_pump,underground_garage,True,True,True,75,76,79,1.72,True,58
MUC-1048,Schwabing-Ost,inner_ring,premium,studio,48.171014,11.601238,24.1,1,4,1988,new_build,212000,<500K,8815,715,4.05,A,gas_central,outdoor_spot,True,True,True,59,65,73,2.48,False,0
MUC-1049,Trudering-Riem,suburbs,entry,townhouse,48.113072,11.654502,119.5,5,4,2003,fair,543000,500K-750K,4541,1390,3.07,C,underfloor,outdoor_spot,False,True,True,91,74,78,0.78,False,0
MUC-1050,Trudering-Riem,suburbs,entry,penthouse,48.115259,11.658468,231.7,8,7,1998,fair,1501000,1M+,6480,4298,3.44,C,heat_pump,none,False,True,True,70,73,74,1.32,True,49
MUC-1051,Schwabing-Freimann,inner_ring,premium,apartment,48.183876,11.598726,98.0,4,0,1926,good,647000,500K-750K,6605,1723,3.2,B,gas_central,outdoor_spot,False,False,True,52,65,65,2.39,True,38
MUC-1052,Bogenhausen,inner_ring,premium,apartment,48.148865,11.619155,97.8,3,0,1965,renovated,846000,750K-1M,8655,2132,3.02,A,underfloor,outdoor_spot,True,False,False,73,76,75,1.02,False,0
MUC-1053,Aubing,suburbs,entry,townhouse,48.133241,11.431597,188.2,7,0,1927,fair,1069000,1M+,5679,3265,3.67,B,gas_central,underground_garage,False,True,True,68,65,76,1.98,True,84
MUC-1054,Schwabing-Ost,inner_ring,premium,maisonette,48.171671,11.593017,130.6,5,1,2003,needs_renovation,877000,750K-1M,6714,2438,3.34,C,district_heating,outdoor_spot,True,True,False,64,66,73,1.77,True,40
MUC-1055,Glockenbachviertel,inner_ring,premium,apartment,48.119311,11.569953,76.0,3,5,2023,renovated,680000,500K-750K,8951,2218,3.91,D,underfloor,none,True,True,False,56,55,67,2.36,False,0
MUC-1056,Milbertshofen,outer_ring,mid,penthouse,48.171586,11.561322,195.1,7,1,1964,needs_renovation,924000,750K-1M,4735,3226,4.19,D,district_heating,none,False,True,False,76,76,81,1.55,True,80
MUC-1057,Moosach,outer_ring,mid,penthouse,48.178525,11.509342,180.6,6,2,2014,new_build,1111000,1M+,6154,3544,3.83,B,district_heating,underground_garage,False,True,True,72,67,74,1.44,True,21
MUC-1058,Sendling,outer_ring,mid,loft,48.111635,11.535520,95.4,3,8,1934,good,664000,500K-750K,6958,1904,3.44,C,district_heating,underground_garage,False,True,False,81,82,75,0.88,False,0
MUC-1059,Bogenhausen,inner_ring,premium,apartment,48.154240,11.603883,35.7,2,2,1936,fair,310000,<500K,8674,868,3.36,D,underfloor,underground_garage,True,False,False,73,67,73,1.64,False,0
MUC-1060,Feldmoching,suburbs,entry,studio,48.212406,11.532304,24.6,1,5,1941,needs_renovation,103000,<500K,4189,350,4.08,C,district_heating,outdoor_spot,False,True,True,80,73,80,0.89,True,86
MUC-1061,Haidhausen,inner_ring,mid,loft,48.117033,11.601797,100.8,4,5,1964,renovated,723000,500K-750K,7173,1945,3.23,B,underfloor,outdoor_spot,True,True,True,72,74,76,1.62,True,145
MUC-1062,Aubing,suburbs,entry,studio,48.139957,11.437229,25.5,1,7,2000,good,154000,<500K,6047,503,3.92,C,heat_pump,underground_garage,True,True,True,60,67,67,1.83,True,99
MUC-1063,Au-Haidhausen,inner_ring,mid,townhouse,48.125328,11.602527,244.4,9,3,1961,needs_renovation,1468000,1M+,6008,3958,3.24,D,gas_central,underground_garage,False,True,True,68,80,75,1.32,True,113
MUC-1064,Maximiliansviertel,city_center,ultra,studio,48.139146,11.578862,43.1,1,5,2006,needs_renovation,347000,<500K,8040,1152,3.98,B,gas_central,outdoor_spot,True,True,True,75,77,77,1.12,False,0
MUC-1065,Milbertshofen,outer_ring,mid,townhouse,48.176546,11.565782,168.8,6,1,1959,needs_renovation,802000,750K-1M,4752,2830,4.23,D,district_heating,none,True,False,True,75,77,78,1.51,True,47
MUC-1066,Giesing,outer_ring,mid,penthouse,48.102502,11.596885,126.2,4,1,1957,new_build,932000,750K-1M,7382,2984,3.84,D,underfloor,underground_garage,False,True,True,71,73,79,1.62,False,0
MUC-1067,Haidhausen,inner_ring,mid,studio,48.132508,11.584111,37.6,1,7,1998,good,338000,<500K,8992,1189,4.22,E,gas_central,outdoor_spot,True,True,False,63,75,76,1.83,True,73
MUC-1068,Schwabing-Ost,inner_ring,premium,penthouse,48.159870,11.589660,220.7,8,2,1952,new_build,2042000,1M+,9254,7425,4.36,B,gas_central,outdoor_spot,True,False,True,78,87,87,0.65,False,0
MUC-1069,Schwabing-West,inner_ring,premium,maisonette,48.173814,11.559761,168.5,6,6,1926,fair,1438000,1M+,8536,4036,3.37,D,heat_pump,underground_garage,False,True,True,53,51,72,2.6,True,121
MUC-1070,Bogenhausen,inner_ring,premium,loft,48.154112,11.609273,60.4,2,4,1947,renovated,540000,500K-750K,8933,1861,4.14,A+,underfloor,none,True,True,False,70,72,76,1.2,True,128
MUC-1071,Aubing,suburbs,entry,loft,48.145065,11.427059,79.4,2,6,1920,needs_renovation,329000,<500K,4140,1067,3.89,E,district_heating,outdoor_spot,True,True,True,88,83,81,0.58,True,96
MUC-1072,Sendling,outer_ring,mid,apartment,48.118936,11.533513,67.8,3,1,2018,needs_renovation,401000,<500K,5917,1176,3.52,D,underfloor,none,True,False,True,79,82,75,1.06,True,118
MUC-1073,Maxvorstadt,city_center,luxury,penthouse,48.145843,11.554114,231.7,8,4,1985,fair,2598000,1M+,11211,8329,3.85,D,heat_pump,outdoor_spot,True,True,False,72,63,71,1.8,True,103
MUC-1074,Au-Haidhausen,inner_ring,mid,penthouse,48.132871,11.585499,169.4,6,8,1954,new_build,1660000,1M+,9801,4320,3.12,A,heat_pump,outdoor_spot,True,True,True,73,69,71,1.8,False,0
MUC-1075,Haidhausen,inner_ring,mid,apartment,48.131754,11.593346,104.0,4,6,1955,new_build,806000,750K-1M,7754,2683,3.99,A,underfloor,underground_garage,False,True,True,82,78,84,1.16,True,166
MUC-1076,Milbertshofen,outer_ring,mid,apartment,48.177792,11.574584,92.5,3,5,1967,fair,651000,500K-750K,7037,2113,3.89,A,gas_central,outdoor_spot,True,True,False,66,70,70,1.81,False,0
MUC-1077,Schwabing-Freimann,inner_ring,premium,maisonette,48.167383,11.581809,101.5,4,7,1945,new_build,796000,750K-1M,7847,2067,3.12,E,heat_pump,none,False,True,True,78,81,80,1.35,True,139
MUC-1078,Pasing-Obermenzing,suburbs,mid,townhouse,48.150192,11.459741,216.4,8,2,2021,good,1315000,1M+,6079,3495,3.19,C,heat_pump,outdoor_spot,True,True,True,58,70,66,2.02,True,102
MUC-1079,Glockenbachviertel,inner_ring,premium,loft,48.130317,11.568075,65.9,3,1,1977,fair,590000,500K-750K,8952,1739,3.54,E,underfloor,none,True,False,True,78,75,73,1.37,True,43
MUC-1080,Haidhausen,inner_ring,mid,studio,48.122944,11.604080,43.8,2,4,1930,good,305000,<500K,6968,1142,4.49,D,gas_central,underground_garage,True,True,True,79,77,73,1.19,False,0
MUC-1081,Moosach,outer_ring,mid,apartment,48.190321,11.520809,42.7,2,4,2003,renovated,308000,<500K,7203,937,3.65,E,underfloor,underground_garage,True,True,False,71,73,72,1.58,True,177
MUC-1082,Maxvorstadt,city_center,luxury,maisonette,48.142594,11.565269,100.4,4,5,2011,good,1043000,1M+,10388,3775,4.34,B,underfloor,underground_garage,False,True,False,60,65,73,1.88,True,25
MUC-1083,Maxvorstadt,city_center,luxury,loft,48.145765,11.564324,93.5,4,2,2024,good,1006000,1M+,10755,3458,4.12,E,underfloor,underground_garage,True,False,True,74,85,79,1.01,False,0
MUC-1084,Neuhausen-Nymphenburg,inner_ring,premium,apartment,48.150063,11.516187,61.7,2,7,1956,needs_renovation,343000,<500K,5562,905,3.17,A+,district_heating,none,True,True,True,72,72,76,1.24,True,74
MUC-1085,Schwabing-West,inner_ring,premium,loft,48.160372,11.566611,82.4,3,1,1936,new_build,731000,500K-750K,8874,2583,4.24,C,district_heating,underground_garage,True,True,False,91,85,78,0.72,False,0
MUC-1086,Maximiliansviertel,city_center,ultra,loft,48.137568,11.592288,71.2,3,5,1940,fair,1010000,1M+,14181,3496,4.15,D,heat_pump,outdoor_spot,True,True,False,83,87,83,0.62,False,0
MUC-1087,Schwabing-Freimann,inner_ring,premium,townhouse,48.184618,11.591511,240.8,9,7,1953,needs_renovation,1620000,1M+,6727,5569,4.13,D,gas_central,none,False,True,True,60,68,73,1.95,True,180
MUC-1088,Schwabing-Freimann,inner_ring,premium,maisonette,48.165679,11.587231,95.1,4,6,1984,needs_renovation,715000,500K-750K,7520,2599,4.36,B,underfloor,none,True,True,False,64,65,72,1.56,False,0
MUC-1089,Au-Haidhausen,inner_ring,mid,studio,48.133291,11.584170,37.5,2,4,1998,fair,247000,<500K,6580,697,3.39,B,gas_central,none,True,True,False,61,74,70,1.92,True,144
MUC-1090,Sendling,outer_ring,mid,loft,48.107907,11.540004,90.4,4,5,2018,renovated,574000,500K-750K,6351,1650,3.45,C,gas_central,none,False,True,True,72,73,74,1.31,False,0
MUC-1091,Bogenhausen,inner_ring,premium,penthouse,48.138521,11.617427,128.8,5,8,1948,renovated,973000,750K-1M,7558,2955,3.64,C,gas_central,outdoor_spot,True,True,False,56,68,64,2.16,False,0
MUC-1092,Pasing-Obermenzing,suburbs,mid,apartment,48.136508,11.453577,97.0,3,0,1942,fair,660000,500K-750K,6803,1801,3.27,E,heat_pump,underground_garage,True,True,True,79,69,75,1.54,True,86
MUC-1093,Pasing-Obermenzing,suburbs,mid,loft,48.139704,11.453439,99.5,4,8,1979,good,567000,500K-750K,5703,1501,3.18,D,heat_pump,none,False,True,True,85,78,79,0.61,True,164
MUC-1094,Schwabing-Ost,inner_ring,premium,apartment,48.167648,11.592558,73.1,2,2,1981,good,653000,500K-750K,8928,1638,3.01,C,district_heating,outdoor_spot,False,False,True,75,71,76,1.24,False,0
MUC-1095,Au-Haidhausen,inner_ring,mid,loft,48.118763,11.586062,133.8,5,4,2008,new_build,1214000,1M+,9073,4520,4.47,C,heat_pump,outdoor_spot,True,True,False,74,84,79,1.05,False,0
MUC-1096,Giesing,outer_ring,mid,loft,48.112585,11.594310,129.9,4,7,1987,good,743000,500K-750K,5721,2402,3.88,A,heat_pump,none,True,True,True,77,75,79,1.19,False,0
MUC-1097,Feldmoching,suburbs,entry,maisonette,48.214432,11.540067,160.9,6,8,1973,fair,885000,750K-1M,5501,2855,3.87,A+,gas_central,none,True,True,True,69,64,73,1.47,True,180
MUC-1098,Schwabing-West,inner_ring,premium,apartment,48.164088,11.554908,128.7,5,4,1972,renovated,1186000,1M+,9217,4146,4.19,C,underfloor,outdoor_spot,True,True,True,69,66,78,1.87,False,0
MUC-1099,Trudering-Riem,suburbs,entry,apartment,48.108392,11.662009,52.0,2,8,1936,renovated,329000,<500K,6324,1146,4.18,C,gas_central,underground_garage,True,True,False,56,62,66,2.56,True,49
MUC-1100,Schwabing-Freimann,inner_ring,premium,loft,48.161873,11.593806,121.3,5,0,1950,renovated,740000,500K-750K,6098,2421,3.93,A+,underfloor,underground_garage,True,True,True,67,72,69,1.99,True,75
MUC-1101,Neuhausen-Nymphenburg,inner_ring,premium,studio,48.164479,11.527546,35.3,2,5,1950,good,333000,<500K,9430,1259,4.54,C,gas_central,none,True,True,True,66,64,74,1.8,True,89
MUC-1102,Schwabing-Ost,inner_ring,premium,maisonette,48.166659,11.586662,120.8,4,2,2016,needs_renovation,747000,500K-750K,6187,2692,4.32,C,underfloor,none,True,True,True,76,77,81,1.44,True,85
MUC-1103,Schwabing-West,inner_ring,premium,apartment,48.173233,11.578514,85.9,3,0,1954,fair,730000,500K-750K,8498,2397,3.94,C,underfloor,underground_garage,False,True,True,51,62,69,2.6,True,49
MUC-1104,Schwabing-Freimann,inner_ring,premium,penthouse,48.179025,11.596630,201.3,7,6,1950,needs_renovation,1209000,1M+,6004,3467,3.44,E,underfloor,underground_garage,True,True,False,73,67,73,1.62,False,0
MUC-1105,Milbertshofen,outer_ring,mid,penthouse,48.176610,11.547471,208.6,7,8,1994,needs_renovation,1226000,1M+,5875,3535,3.46,C,heat_pump,outdoor_spot,True,True,True,65,70,71,1.7,True,126
MUC-1106,Au-Haidhausen,inner_ring,mid,penthouse,48.115438,11.597749,112.4,4,2,1989,new_build,954000,750K-1M,8487,3426,4.31,A,gas_central,underground_garage,False,True,True,75,63,68,1.64,True,16
MUC-1107,Aubing,suburbs,entry,maisonette,48.147505,11.436117,145.9,5,8,1990,fair,646000,500K-750K,4429,2060,3.83,D,gas_central,underground_garage,True,True,True,78,63,79,1.59,True,50
MUC-1108,Aubing,suburbs,entry,studio,48.144835,11.432556,40.3,1,6,1978,needs_renovation,159000,<500K,3951,542,4.09,D,district_heating,underground_garage,True,True,False,84,70,85,1.05,True,122
MUC-1109,Maxvorstadt,city_center,luxury,apartment,48.154082,11.573885,82.5,3,5,1992,new_build,1042000,1M+,12636,3850,4.43,B,district_heating,none,False,True,True,85,80,80,1.04,False,0
MUC-1110,Maxvorstadt,city_center,luxury,apartment,48.143105,11.578313,126.3,5,6,1929,good,1054000,1M+,8349,2964,3.37,D,gas_central,none,True,True,True,58,68,67,2.31,False,0
MUC-1111,Milbertshofen,outer_ring,mid,apartment,48.170389,11.559213,67.4,3,6,2019,good,355000,<500K,5261,1014,3.43,C,underfloor,underground_garage,True,True,False,63,62,76,2.12,False,0
MUC-1112,Schwabing-West,inner_ring,premium,townhouse,48.153069,11.557727,227.6,8,6,1960,good,1642000,1M+,7213,4116,3.01,B,underfloor,none,True,True,True,60,60,66,2.16,True,7
MUC-1113,Schwabing-West,inner_ring,premium,loft,48.159594,11.555892,122.8,5,0,1957,fair,934000,750K-1M,7606,2438,3.13,B,underfloor,underground_garage,False,True,False,71,73,72,2.02,True,17
MUC-1114,Haidhausen,inner_ring,mid,maisonette,48.125632,11.595433,158.3,6,3,2012,fair,1283000,1M+,8107,3534,3.31,D,heat_pump,outdoor_spot,False,True,False,84,91,82,0.48,False,0
MUC-1115,Aubing,suburbs,entry,townhouse,48.135467,11.417720,140.1,5,6,1960,good,820000,750K-1M,5851,2725,3.99,D,heat_pump,underground_garage,True,True,True,67,61,68,2.14,True,140
MUC-1116,Haidhausen,inner_ring,mid,townhouse,48.131561,11.599303,179.2,7,7,2022,good,1657000,1M+,9245,4291,3.11,B,heat_pump,none,False,True,True,80,77,73,1.28,True,97
MUC-1117,Schwabing-West,inner_ring,premium,loft,48.161878,11.571038,92.1,3,6,1989,new_build,1006000,1M+,10926,2985,3.56,D,heat_pump,underground_garage,True,True,True,79,79,74,1.07,False,0
MUC-1118,Schwabing-Ost,inner_ring,premium,maisonette,48.171003,11.587048,90.6,3,3,1985,needs_renovation,586000,500K-750K,6469,1989,4.07,D,gas_central,outdoor_spot,True,True,False,65,67,75,1.83,True,107
MUC-1119,Schwabing-West,inner_ring,premium,penthouse,48.153886,11.581320,145.7,5,3,1986,fair,1129000,1M+,7752,2966,3.15,D,district_heating,outdoor_spot,True,True,True,55,51,61,2.59,False,0
MUC-1120,Neuhausen-Nymphenburg,inner_ring,premium,studio,48.157284,11.522157,34.9,2,3,2022,fair,295000,<500K,8440,809,3.29,C,underfloor,outdoor_spot,True,True,True,82,85,86,0.7,True,72
MUC-1121,Schwabing-West,inner_ring,premium,loft,48.164956,11.577085,75.0,3,7,1934,good,690000,500K-750K,9202,2164,3.76,A,heat_pump,outdoor_spot,True,True,True,67,68,73,1.65,False,0
MUC-1122,Pasing-Obermenzing,suburbs,mid,townhouse,48.150848,11.451905,130.1,4,4,1934,renovated,767000,750K-1M,5892,2058,3.22,C,gas_central,none,False,True,False,71,71,73,1.66,True,48
MUC-1123,Moosach,outer_ring,mid,studio,48.190308,11.522482,43.9,2,3,2024,fair,334000,<500K,7618,1054,3.79,C,district_heating,none,True,True,True,73,69,79,1.6,True,71
MUC-1124,Neuhausen-Nymphenburg,inner_ring,premium,maisonette,48.157803,11.510646,136.6,5,7,1990,needs_renovation,798000,750K-1M,5845,2113,3.18,A+,underfloor,none,False,True,False,78,70,80,1.47,True,168
MUC-1125,Neuhausen-Nymphenburg,inner_ring,premium,maisonette,48.152045,11.535579,106.3,4,1,1976,new_build,1063000,1M+,9997,2985,3.37,D,gas_central,none,False,False,True,61,59,72,2.31,False,0
MUC-1126,Feldmoching,suburbs,entry,loft,48.211120,11.521533,73.5,3,4,1957,needs_renovation,281000,<500K,3824,1016,4.34,D,district_heating,outdoor_spot,False,True,True,72,63,80,1.67,False,0
MUC-1127,Neuhausen-Nymphenburg,inner_ring,premium,penthouse,48.148410,11.515263,211.8,8,7,1938,needs_renovation,1535000,1M+,7248,5090,3.98,C,heat_pump,none,False,True,False,63,74,77,1.67,False,0
MUC-1128,Moosach,outer_ring,mid,townhouse,48.184067,11.529967,124.0,5,5,1928,needs_renovation,644000,500K-750K,5191,2421,4.51,C,gas_central,none,True,True,False,69,66,71,1.71,False,0
MUC-1129,Maxvorstadt,city_center,luxury,maisonette,48.139903,11.571585,81.6,3,2,1976,fair,603000,500K-750K,7392,2259,4.5,B,heat_pump,underground_garage,False,True,False,72,63,76,1.69,False,0
MUC-1130,Haidhausen,inner_ring,mid,townhouse,48.116443,11.601568,214.9,7,1,2010,new_build,1518000,1M+,7066,4736,3.74,D,district_heating,outdoor_spot,False,False,True,66,73,69,1.62,True,27
MUC-1131,Schwabing-Freimann,inner_ring,premium,penthouse,48.168620,11.600430,151.2,6,2,2002,renovated,945000,750K-1M,6247,3055,3.88,D,underfloor,none,True,False,True,61,65,69,1.85,False,0
MUC-1132,Bogenhausen,inner_ring,premium,maisonette,48.153959,11.612887,115.2,4,2,1951,good,1043000,1M+,9050,2944,3.39,A+,heat_pump,underground_garage,True,False,True,77,70,82,1.37,False,0
MUC-1133,Pasing-Obermenzing,suburbs,mid,penthouse,48.144308,11.457714,169.2,6,7,2001,needs_renovation,740000,500K-750K,4374,2705,4.39,D,underfloor,outdoor_spot,True,True,True,76,74,78,1.08,True,121
MUC-1134,Schwabing-West,inner_ring,premium,studio,48.151501,11.555126,27.0,1,6,1984,good,242000,<500K,8959,763,3.78,D,heat_pump,underground_garage,False,True,True,59,51,67,2.61,True,53
MUC-1135,Bogenhausen,inner_ring,premium,townhouse,48.148773,11.606922,224.5,8,1,1959,fair,2072000,1M+,9228,7460,4.32,D,heat_pump,none,False,True,True,81,83,84,0.43,True,3
MUC-1136,Haidhausen,inner_ring,mid,loft,48.127114,11.593201,122.6,5,2,1967,renovated,1040000,1M+,8486,3781,4.36,C,district_heating,outdoor_spot,True,False,False,74,84,78,0.95,True,93
MUC-1137,Maxvorstadt,city_center,luxury,studio,48.150791,11.569807,25.6,1,1,1949,needs_renovation,153000,<500K,5996,553,4.34,B,district_heating,none,True,True,True,84,85,91,0.21,True,82
MUC-1138,Sendling,outer_ring,mid,apartment,48.120824,11.539946,82.7,3,2,1948,needs_renovation,539000,500K-750K,6516,2016,4.49,B,underfloor,underground_garage,False,True,True,77,72,83,1.13,False,0
MUC-1139,Aubing,suburbs,entry,maisonette,48.138022,11.419148,179.8,7,8,2017,renovated,850000,750K-1M,4727,3155,4.45,A+,heat_pump,underground_garage,True,True,True,79,79,81,1.05,True,27
MUC-1140,Giesing,outer_ring,mid,maisonette,48.107016,11.581045,176.1,7,2,2011,good,958000,750K-1M,5442,3542,4.44,E,district_heating,none,True,False,True,74,76,75,1.38,False,0
MUC-1141,Schwabing-West,inner_ring,premium,townhouse,48.165305,11.554968,254.6,9,4,1960,fair,2290000,1M+,8994,7914,4.15,D,district_heating,underground_garage,True,True,True,68,65,72,1.51,True,81
MUC-1142,Ramersdorf-Perlach,suburbs,entry,penthouse,48.084698,11.608849,162.3,6,1,1931,renovated,976000,750K-1M,6015,2826,3.47,A,gas_central,outdoor_spot,True,False,True,68,62,77,1.9,True,45
MUC-1143,Altstadt-Lehel,city_center,luxury,loft,48.148050,11.586038,119.8,4,7,1933,renovated,1072000,1M+,8945,2766,3.1,D,district_heating,none,True,True,False,51,53,65,2.63,False,0
MUC-1144,Schwabing-West,inner_ring,premium,townhouse,48.151623,11.555034,176.5,6,5,1935,new_build,2009000,1M+,11380,5155,3.08,C,underfloor,underground_garage,False,True,True,49,57,64,2.98,False,0
MUC-1145,Sendling,outer_ring,mid,apartment,48.107717,11.549303,93.3,3,4,1983,fair,734000,500K-750K,7868,2292,3.75,D,gas_central,none,True,True,True,69,70,77,1.55,False,0
MUC-1146,Milbertshofen,outer_ring,mid,studio,48.180612,11.569543,43.0,2,6,1954,renovated,226000,<500K,5252,740,3.93,C,heat_pump,none,False,True,True,88,77,85,0.75,True,169
MUC-1147,Neuhausen-Nymphenburg,inner_ring,premium,townhouse,48.151297,11.530089,118.4,5,3,1993,fair,897000,750K-1M,7574,3221,4.31,D,district_heating,none,False,True,True,59,67,75,2.01,False,0
MUC-1148,Feldmoching,suburbs,entry,maisonette,48.225461,11.538201,134.2,4,0,1931,new_build,676000,500K-750K,5040,1882,3.34,A,gas_central,outdoor_spot,True,True,True,51,68,65,2.39,True,37
MUC-1149,Schwabing-Freimann,inner_ring,premium,apartment,48.181416,11.599820,70.5,3,6,1995,new_build,597000,500K-750K,8473,1743,3.5,C,heat_pump,underground_garage,True,True,True,61,58,69,2.51,False,0
MUC-1150,Aubing,suburbs,entry,loft,48.151088,11.414797,125.2,4,4,1936,renovated,715000,500K-750K,5708,2669,4.48,A+,heat_pump,none,False,True,True,61,72,76,2.14,True,128
MUC-1151,Bogenhausen,inner_ring,premium,studio,48.143848,11.597534,44.6,1,1,2010,good,370000,<500K,8287,1053,3.42,A+,underfloor,outdoor_spot,True,False,False,63,66,70,1.62,False,0
MUC-1152,Schwabing-Ost,inner_ring,premium,maisonette,48.156230,11.588360,158.9,6,3,1940,fair,1021000,1M+,6424,3675,4.32,B,underfloor,underground_garage,True,True,True,77,85,75,0.94,False,0
MUC-1153,Schwabing-West,inner_ring,premium,maisonette,48.159211,11.582658,150.5,5,2,1997,fair,1061000,1M+,7051,2792,3.16,D,heat_pump,none,False,True,True,64,72,76,1.71,True,147
MUC-1154,Trudering-Riem,suburbs,entry,studio,48.125357,11.640808,22.1,1,7,1945,new_build,114000,<500K,5175,310,3.26,C,underfloor,none,False,True,True,59,72,70,1.94,True,100
MUC-1155,Haidhausen,inner_ring,mid,penthouse,48.124104,11.594243,161.3,6,7,1953,renovated,1494000,1M+,9264,4831,3.88,D,underfloor,none,False,True,True,86,74,83,0.77,True,100
MUC-1156,Maximiliansviertel,city_center,ultra,maisonette,48.136647,11.590165,137.3,5,4,1930,fair,1869000,1M+,13616,6408,4.11,D,district_heating,outdoor_spot,False,True,True,90,86,84,0.72,False,0
MUC-1157,Giesing,outer_ring,mid,townhouse,48.097328,11.586601,175.3,7,2,1996,good,1055000,1M+,6018,3635,4.13,E,underfloor,underground_garage,True,False,False,61,69,74,1.82,True,39
MUC-1158,Bogenhausen,inner_ring,premium,apartment,48.149498,11.612680,122.9,4,1,2020,good,1190000,1M+,9684,4337,4.37,C,gas_central,outdoor_spot,True,True,True,75,79,80,1.07,False,0
MUC-1159,Schwabing-Ost,inner_ring,premium,studio,48.148731,11.603787,37.9,1,7,1954,good,248000,<500K,6553,884,4.28,A,gas_central,underground_garage,False,True,True,55,61,71,2.37,True,83
MUC-1160,Sendling,outer_ring,mid,apartment,48.118491,11.540949,52.9,2,6,2014,fair,408000,<500K,7710,1480,4.35,C,gas_central,none,True,True,True,72,66,73,1.51,True,52
MUC-1161,Maxvorstadt,city_center,luxury,studio,48.144788,11.566493,38.2,1,7,1984,fair,391000,<500K,10247,1040,3.19,E,heat_pump,outdoor_spot,False,True,False,80,81,77,0.84,False,0
MUC-1162,Schwabing-West,inner_ring,premium,penthouse,48.157942,11.564697,226.6,8,3,1948,renovated,1998000,1M+,8817,5694,3.42,A+,gas_central,none,False,True,True,69,80,81,1.18,False,0
MUC-1163,Neuhausen-Nymphenburg,inner_ring,premium,studio,48.150957,11.529753,38.4,2,4,1974,fair,355000,<500K,9244,1099,3.71,C,district_heating,none,False,True,True,68,71,77,1.55,False,0
MUC-1164,Aubing,suburbs,entry,maisonette,48.138984,11.428632,86.4,4,5,1955,good,486000,<500K,5622,1817,4.49,A,underfloor,none,False,True,True,67,71,72,1.53,True,7
MUC-1165,Glockenbachviertel,inner_ring,premium,maisonette,48.141639,11.552783,120.5,5,3,1963,renovated,1107000,1M+,9185,3686,4.0,B,gas_central,outdoor_spot,True,True,False,68,60,67,2.27,True,67
MUC-1166,Trudering-Riem,suburbs,entry,townhouse,48.123510,11.641692,244.9,9,3,1965,renovated,1418000,1M+,5790,4111,3.48,E,underfloor,underground_garage,True,True,True,61,61,69,2.05,False,0
MUC-1167,Schwabing-West,inner_ring,premium,apartment,48.162433,11.558936,117.4,4,4,1972,new_build,1289000,1M+,10983,3475,3.24,E,gas_central,outdoor_spot,False,True,True,69,79,80,1.55,True,162
MUC-1168,Haidhausen,inner_ring,mid,maisonette,48.122722,11.584540,107.4,4,2,1993,renovated,827000,750K-1M,7698,2888,4.19,E,underfloor,underground_garage,True,False,True,72,73,74,1.59,True,4
MUC-1169,Moosach,outer_ring,mid,apartment,48.188264,11.519831,99.3,4,3,1948,good,593000,500K-750K,5971,1562,3.16,E,underfloor,none,True,True,True,74,68,73,1.18,True,112
MUC-1170,Bogenhausen,inner_ring,premium,studio,48.144126,11.622242,39.3,1,6,1922,renovated,314000,<500K,7997,1187,4.54,D,district_heating,outdoor_spot,False,True,True,64,71,71,1.52,False,0
MUC-1171,Aubing,suburbs,entry,townhouse,48.156072,11.427959,235.4,8,1,1973,fair,1135000,1M+,4820,3645,3.85,B,district_heating,none,True,True,True,58,68,72,2.08,True,108
MUC-1172,Schwabing-Freimann,inner_ring,premium,studio,48.173378,11.592531,24.6,1,3,1997,renovated,208000,<500K,8438,745,4.3,C,gas_central,none,True,True,False,76,75,75,1.07,True,4
MUC-1173,Schwabing-West,inner_ring,premium,townhouse,48.172865,11.578157,184.1,7,8,1929,new_build,2139000,1M+,11620,7139,4.01,D,district_heating,outdoor_spot,False,True,True,69,59,64,2.22,True,30
MUC-1174,Schwabing-Freimann,inner_ring,premium,apartment,48.181530,11.600709,115.9,4,2,1962,good,1006000,1M+,8684,3764,4.49,A,underfloor,outdoor_spot,False,False,True,67,63,69,2.05,False,0
MUC-1175,Ramersdorf-Perlach,suburbs,entry,apartment,48.097372,11.622007,47.6,2,2,1933,fair,300000,<500K,6307,938,3.75,D,gas_central,outdoor_spot,True,True,False,71,73,79,1.53,True,17
MUC-1176,Sendling,outer_ring,mid,townhouse,48.116719,11.523171,188.7,7,3,2005,good,1286000,1M+,6814,4366,4.07,D,underfloor,underground_garage,True,True,True,63,69,71,2.01,True,165
MUC-1177,Haidhausen,inner_ring,mid,maisonette,48.127334,11.596879,166.9,6,7,1961,renovated,1275000,1M+,7639,3649,3.43,A,underfloor,none,True,True,True,88,81,87,0.51,False,0
MUC-1178,Au-Haidhausen,inner_ring,mid,townhouse,48.118985,11.603320,208.0,7,6,1924,needs_renovation,1331000,1M+,6397,4757,4.29,C,underfloor,outdoor_spot,False,True,True,69,65,75,2.2,False,0
MUC-1179,Au-Haidhausen,inner_ring,mid,loft,48.119367,11.596922,97.9,4,7,1934,new_build,960000,750K-1M,9806,2677,3.35,C,district_heating,underground_garage,False,True,False,80,81,74,1.35,True,105
MUC-1180,Schwabing-Freimann,inner_ring,premium,apartment,48.167203,11.579878,123.4,4,7,2020,renovated,1066000,1M+,8638,2814,3.17,D,underfloor,outdoor_spot,True,True,True,76,75,75,1.69,True,128
MUC-1181,Altstadt-Lehel,city_center,luxury,maisonette,48.137929,11.561857,163.9,6,8,2019,renovated,1872000,1M+,11419,5103,3.27,B,underfloor,outdoor_spot,True,True,True,62,71,75,1.74,False,0
MUC-1182,Sendling,outer_ring,mid,studio,48.110549,11.533086,32.4,1,6,1997,needs_renovation,171000,<500K,5286,583,4.09,B,heat_pump,none,False,True,True,78,81,79,1.32,True,167
MUC-1183,Haidhausen,inner_ring,mid,studio,48.127293,11.603629,38.3,2,8,1981,needs_renovation,267000,<500K,6971,899,4.04,D,district_heating,none,True,True,True,86,85,79,0.8,True,14
MUC-1184,Maxvorstadt,city_center,luxury,penthouse,48.143598,11.575306,247.4,9,2,1927,good,2010000,1M+,8125,6439,3.84,C,gas_central,none,True,True,True,69,71,76,1.67,False,0
MUC-1185,Pasing-Obermenzing,suburbs,mid,maisonette,48.145430,11.435609,118.8,5,5,1990,new_build,693000,500K-750K,5834,1959,3.39,E,heat_pump,none,True,True,True,68,71,75,2.04,True,50
MUC-1186,Pasing-Obermenzing,suburbs,mid,apartment,48.139572,11.463704,52.8,2,8,1935,fair,281000,<500K,5316,804,3.43,C,gas_central,underground_garage,False,True,False,67,78,70,1.46,True,161
MUC-1187,Aubing,suburbs,entry,loft,48.152435,11.417135,104.0,3,5,1987,renovated,650000,500K-750K,6247,2065,3.81,B,gas_central,none,False,True,False,59,66,70,2.0,True,56
MUC-1188,Aubing,suburbs,entry,townhouse,48.144932,11.437999,111.3,4,7,1950,needs_renovation,576000,500K-750K,5172,1623,3.38,A,heat_pump,none,False,True,True,82,72,81,1.26,False,0
MUC-1189,Milbertshofen,outer_ring,mid,maisonette,48.181443,11.561362,84.4,3,3,1961,needs_renovation,361000,<500K,4275,948,3.15,B,gas_central,none,True,True,True,86,80,82,0.84,True,180
MUC-1190,Ramersdorf-Perlach,suburbs,entry,townhouse,48.097317,11.626293,212.9,7,5,1924,new_build,1146000,1M+,5384,3130,3.28,C,underfloor,none,True,True,False,63,75,80,1.61,True,100
MUC-1191,Schwabing-Freimann,inner_ring,premium,loft,48.173936,11.593243,65.1,3,0,2009,new_build,519000,500K-750K,7974,1637,3.78,E,underfloor,outdoor_spot,True,False,True,87,83,80,0.67,True,101
MUC-1192,Trudering-Riem,suburbs,entry,studio,48.112279,11.655221,37.6,2,5,1921,needs_renovation,191000,<500K,5084,513,3.22,A,gas_central,none,False,True,True,82,77,81,0.93,True,166
MUC-1193,Maximiliansviertel,city_center,ultra,loft,48.130019,11.579620,126.8,4,2,2005,needs_renovation,1360000,1M+,10723,4905,4.33,B,district_heating,outdoor_spot,True,True,True,66,60,69,2.4,False,0
MUC-1194,Moosach,outer_ring,mid,penthouse,48.178671,11.524039,106.0,4,3,1960,fair,670000,500K-750K,6321,2212,3.96,B,underfloor,underground_garage,True,True,False,80,78,78,1.04,True,57
MUC-1195,Ramersdorf-Perlach,suburbs,entry,townhouse,48.088440,11.608885,219.9,8,7,1977,good,1401000,1M+,6369,4389,3.76,D,gas_central,outdoor_spot,True,True,True,81,70,77,1.04,True,5
MUC-1196,Maximiliansviertel,city_center,ultra,loft,48.141759,11.598479,92.4,3,0,1990,good,1054000,1M+,11411,4003,4.56,D,heat_pump,underground_garage,True,False,True,77,70,73,1.45,False,0
MUC-1197,Maximiliansviertel,city_center,ultra,loft,48.126854,11.581266,114.7,4,2,1977,renovated,1152000,1M+,10044,4301,4.48,C,gas_central,outdoor_spot,False,True,False,66,64,68,2.43,False,0
MUC-1198,Giesing,outer_ring,mid,maisonette,48.106729,11.597644,127.0,4,0,1925,good,678000,500K-750K,5340,2549,4.51,C,underfloor,none,True,True,True,73,79,79,1.22,False,0
MUC-1199,Schwabing-West,inner_ring,premium,penthouse,48.163500,11.564390,172.6,6,5,1982,fair,1677000,1M+,9714,4207,3.01,B,gas_central,underground_garage,False,True,False,78,73,79,1.03,False,0
MUC-1200,Schwabing-Freimann,inner_ring,premium,studio,48.176967,11.586438,38.6,1,7,1981,renovated,318000,<500K,8244,1063,4.01,A,district_heating,none,False,True,True,76,72,81,0.98,True,47
MUC-1201,Maximiliansviertel,city_center,ultra,loft,48.149598,11.592081,111.0,4,4,1930,renovated,1279000,1M+,11524,4848,4.55,D,gas_central,none,True,True,False,57,69,72,2.14,True,176
MUC-1202,Moosach,outer_ring,mid,apartment,48.192236,11.521796,56.8,2,1,1922,renovated,361000,<500K,6353,1329,4.42,E,district_heating,none,True,False,True,71,68,68,1.9,True,34
MUC-1203,Aubing,suburbs,entry,townhouse,48.145143,11.408136,207.4,7,5,1925,needs_renovation,876000,750K-1M,4223,3259,4.46,E,district_heating,outdoor_spot,False,True,False,74,68,78,1.62,True,60
MUC-1204,Schwabing-West,inner_ring,premium,maisonette,48.157898,11.579403,105.8,3,0,1993,needs_renovation,587000,500K-750K,5546,1473,3.01,B,heat_pump,outdoor_spot,True,False,False,68,63,70,1.95,False,0
MUC-1205,Schwabing-Ost,inner_ring,premium,loft,48.165919,11.589497,98.6,3,8,1981,good,959000,750K-1M,9724,3118,3.9,A,gas_central,outdoor_spot,False,True,True,70,66,80,1.5,True,103
MUC-1206,Moosach,outer_ring,mid,townhouse,48.189320,11.522321,216.0,7,0,2022,new_build,1741000,1M+,8062,5420,3.74,D,underfloor,outdoor_spot,True,False,False,65,67,74,1.55,False,0
MUC-1207,Aubing,suburbs,entry,penthouse,48.133579,11.431308,192.4,7,3,2004,needs_renovation,748000,500K-750K,3890,1903,3.05,A+,gas_central,none,True,True,True,60,58,65,2.29,True,71
MUC-1208,Schwabing-Ost,inner_ring,premium,loft,48.156275,11.588954,76.0,2,1,1931,needs_renovation,430000,<500K,5657,1539,4.29,D,gas_central,outdoor_spot,True,False,False,72,81,74,1.36,True,130
MUC-1209,Schwabing-Freimann,inner_ring,premium,studio,48.174507,11.589095,43.8,2,4,1988,needs_renovation,249000,<500K,5693,766,3.69,D,underfloor,none,True,True,False,87,79,82,0.5,True,18
MUC-1210,Schwabing-Ost,inner_ring,premium,townhouse,48.163008,11.606926,215.2,8,6,1965,needs_renovation,1428000,1M+,6637,4871,4.09,B,gas_central,outdoor_spot,False,True,False,66,67,77,1.7,True,147
MUC-1211,Sendling,outer_ring,mid,penthouse,48.105387,11.545185,169.8,6,3,1953,renovated,1026000,1M+,6045,3679,4.3,A,underfloor,none,True,True,True,61,69,66,2.07,False,0
MUC-1212,Glockenbachviertel,inner_ring,premium,loft,48.126609,11.554463,129.5,5,8,1955,fair,1045000,1M+,8068,3396,3.9,C,underfloor,none,False,True,False,87,79,81,0.84,False,0
MUC-1213,Maximiliansviertel,city_center,ultra,apartment,48.137642,11.594776,99.0,3,1,1961,good,1174000,1M+,11857,3331,3.4,C,underfloor,outdoor_spot,False,False,False,75,77,81,0.99,False,0
MUC-1214,Schwabing-Ost,inner_ring,premium,penthouse,48.154511,11.582497,246.7,9,1,2012,good,2081000,1M+,8434,6705,3.87,C,district_heating,underground_garage,True,False,True,60,70,74,1.99,True,81
MUC-1215,Glockenbachviertel,inner_ring,premium,loft,48.124901,11.561864,63.8,2,2,1927,renovated,606000,500K-750K,9501,1890,3.74,C,heat_pump,outdoor_spot,True,False,False,76,73,76,1.19,False,0
MUC-1216,Aubing,suburbs,entry,townhouse,48.136975,11.425377,190.8,7,4,1965,good,1067000,1M+,5594,3344,3.76,D,gas_central,underground_garage,False,True,False,77,69,72,1.57,True,147
MUC-1217,Schwabing-Ost,inner_ring,premium,penthouse,48.168174,11.579240,145.0,5,4,2010,good,1178000,1M+,8126,3551,3.62,C,underfloor,outdoor_spot,False,True,True,60,65,70,2.6,False,0
MUC-1218,Bogenhausen,inner_ring,premium,townhouse,48.153367,11.615061,215.1,7,2,1970,new_build,1783000,1M+,8287,6629,4.46,E,district_heating,outdoor_spot,True,True,True,67,77,77,1.37,False,0
MUC-1219,Schwabing-Ost,inner_ring,premium,studio,48.155225,11.584522,32.2,1,8,1941,new_build,247000,<500K,7674,732,3.56,E,underfloor,underground_garage,True,True,True,73,67,77,1.81,False,0
MUC-1220,Au-Haidhausen,inner_ring,mid,loft,48.126545,11.592976,94.8,4,8,1959,good,737000,500K-750K,7769,2060,3.35,A+,gas_central,outdoor_spot,False,True,False,80,79,77,0.77,True,177
MUC-1221,Glockenbachviertel,inner_ring,premium,apartment,48.140427,11.559312,107.8,4,3,2021,new_build,1081000,1M+,10029,2967,3.29,D,underfloor,underground_garage,False,True,True,64,62,74,1.95,True,62
MUC-1222,Maximiliansviertel,city_center,ultra,townhouse,48.144949,11.601399,212.7,7,8,2023,good,2526000,1M+,11877,9118,4.33,B,underfloor,underground_garage,False,True,True,64,70,75,1.8,True,137
MUC-1223,Altstadt-Lehel,city_center,luxury,studio,48.129663,11.563468,24.9,1,0,1949,new_build,239000,<500K,9617,751,3.77,C,district_heating,outdoor_spot,True,False,True,61,70,77,2.03,True,101
MUC-1224,Schwabing-West,inner_ring,premium,studio,48.164137,11.558548,40.8,2,1,2018,renovated,314000,<500K,7688,1183,4.52,A,gas_central,outdoor_spot,True,False,False,87,72,82,1.06,False,0
MUC-1225,Haidhausen,inner_ring,mid,loft,48.130300,11.584066,101.7,3,4,1945,good,927000,750K-1M,9112,3358,4.35,B,heat_pump,none,True,True,False,65,73,73,1.57,False,0
MUC-1226,Altstadt-Lehel,city_center,luxury,townhouse,48.148452,11.577832,181.3,7,5,2018,new_build,1930000,1M+,10648,6079,3.78,A,heat_pump,none,False,True,True,62,73,75,1.99,False,0
MUC-1227,Schwabing-Freimann,inner_ring,premium,loft,48.164120,11.580980,123.1,5,7,2013,renovated,796000,750K-1M,6467,2381,3.59,C,underfloor,underground_garage,True,True,True,58,56,73,2.18,True,83
MUC-1228,Au-Haidhausen,inner_ring,mid,loft,48.118008,11.598840,72.8,3,7,1957,good,573000,500K-750K,7866,1771,3.71,D,heat_pump,none,False,True,False,65,70,76,1.97,False,0
MUC-1229,Trudering-Riem,suburbs,entry,townhouse,48.124857,11.641896,184.6,7,4,1961,fair,1041000,1M+,5640,2752,3.17,E,gas_central,underground_garage,True,True,True,58,71,67,1.98,True,147
MUC-1230,Schwabing-Ost,inner_ring,premium,townhouse,48.163590,11.592875,198.5,7,3,1997,new_build,1425000,1M+,7177,5269,4.44,D,heat_pump,none,True,True,False,86,83,79,1.02,False,0
MUC-1231,Maxvorstadt,city_center,luxury,apartment,48.158567,11.560774,104.8,4,1,1947,needs_renovation,657000,500K-750K,6272,2262,4.13,D,gas_central,none,True,False,True,62,68,70,1.83,False,0
MUC-1232,Feldmoching,suburbs,entry,townhouse,48.211291,11.526862,174.1,6,2,1990,fair,875000,750K-1M,5023,2935,4.03,C,heat_pump,outdoor_spot,True,False,False,82,85,85,0.92,True,83
MUC-1233,Aubing,suburbs,entry,maisonette,48.137977,11.424469,156.6,6,4,1966,fair,803000,750K-1M,5130,2422,3.62,E,heat_pump,underground_garage,False,True,True,81,74,77,1.39,True,81
MUC-1234,Altstadt-Lehel,city_center,luxury,studio,48.143717,11.588700,43.1,2,2,1932,new_build,484000,<500K,11234,1308,3.24,B,underfloor,none,False,False,True,71,62,69,1.96,False,0
MUC-1235,Glockenbachviertel,inner_ring,premium,townhouse,48.121850,11.569771,215.4,8,1,1996,good,1474000,1M+,6844,5234,4.26,E,underfloor,outdoor_spot,True,False,True,70,73,70,1.93,False,0
MUC-1236,Aubing,suburbs,entry,townhouse,48.154488,11.427117,167.4,6,0,1960,needs_renovation,704000,500K-750K,4203,2059,3.51,E,district_heating,underground_garage,True,True,False,59,68,77,2.01,True,87
MUC-1237,Schwabing-West,inner_ring,premium,loft,48.162521,11.575459,91.9,3,8,1975,renovated,884000,750K-1M,9616,2763,3.75,E,gas_central,underground_garage,True,True,False,81,81,82,0.81,False,0
MUC-1238,Moosach,outer_ring,mid,apartment,48.186534,11.521181,98.8,3,5,1944,good,612000,500K-750K,6193,2051,4.02,D,gas_central,outdoor_spot,True,True,True,70,72,81,1.29,True,96
MUC-1239,Bogenhausen,inner_ring,premium,apartment,48.154086,11.620783,105.3,4,2,2024,good,730000,500K-750K,6932,2483,4.08,C,gas_central,none,True,False,True,70,63,71,1.6,False,0
MUC-1240,Bogenhausen,inner_ring,premium,maisonette,48.152582,11.615248,138.3,5,0,1952,renovated,957000,750K-1M,6921,2642,3.31,A,heat_pump,none,False,False,True,69,71,81,1.47,True,167
MUC-1241,Schwabing-Ost,inner_ring,premium,townhouse,48.153348,11.588521,124.9,4,8,1931,renovated,899000,750K-1M,7197,3377,4.51,B,underfloor,outdoor_spot,False,True,True,76,65,81,1.45,True,91
MUC-1242,Milbertshofen,outer_ring,mid,loft,48.184106,11.553186,82.1,2,4,1969,new_build,699000,500K-750K,8516,2610,4.48,D,gas_central,outdoor_spot,False,True,True,75,74,74,1.14,True,80
MUC-1243,Aubing,suburbs,entry,penthouse,48.140103,11.424367,194.4,7,3,1937,good,1081000,1M+,5561,3965,4.4,D,gas_central,outdoor_spot,True,True,True,74,81,81,1.28,True,31
MUC-1244,Haidhausen,inner_ring,mid,townhouse,48.122822,11.609189,114.4,4,6,1972,good,905000,750K-1M,7911,3361,4.46,A,gas_central,underground_garage,True,True,True,71,61,74,2.05,True,146
MUC-1245,Aubing,suburbs,entry,townhouse,48.137742,11.415065,113.9,4,7,1937,needs_renovation,575000,500K-750K,5046,1788,3.73,B,gas_central,underground_garage,True,True,True,62,65,72,1.85,False,0
MUC-1246,Ramersdorf-Perlach,suburbs,entry,penthouse,48.087141,11.618240,211.2,7,7,1998,fair,1304000,1M+,6173,4729,4.35,D,heat_pump,outdoor_spot,True,True,True,66,72,74,1.84,True,138
MUC-1247,Maximiliansviertel,city_center,ultra,apartment,48.141993,11.595223,84.5,3,0,1951,needs_renovation,789000,750K-1M,9337,2982,4.54,B,underfloor,outdoor_spot,False,False,False,79,83,86,0.91,False,0
MUC-1248,Ramersdorf-Perlach,suburbs,entry,townhouse,48.088866,11.625671,187.5,6,7,1931,needs_renovation,750000,750K-1M,3999,2634,4.21,C,gas_central,outdoor_spot,True,True,True,64,57,69,2.23,False,0
MUC-1249,Au-Haidhausen,inner_ring,mid,townhouse,48.113564,11.583622,246.1,9,1,1931,new_build,2210000,1M+,8982,7347,3.99,D,gas_central,outdoor_spot,True,True,True,74,74,80,1.6,False,0
MUC-1250,Feldmoching,suburbs,entry,penthouse,48.223611,11.538980,229.0,8,0,1973,good,1037000,1M+,4530,3629,4.2,B,heat_pump,underground_garage,True,False,False,64,57,66,2.18,True,2
MUC-1251,Aubing,suburbs,entry,loft,48.153385,11.415236,112.8,4,7,1930,needs_renovation,521000,500K-750K,4617,1468,3.38,A+,gas_central,underground_garage,False,True,True,66,66,75,2.06,True,9
MUC-1252,Feldmoching,suburbs,entry,apartment,48.222812,11.522053,39.7,1,2,1940,good,208000,<500K,5232,707,4.08,C,district_heating,underground_garage,False,True,False,71,62,72,1.84,True,110
MUC-1253,Trudering-Riem,suburbs,entry,apartment,48.106758,11.650325,101.0,3,8,1972,needs_renovation,410000,<500K,4062,1136,3.32,A,heat_pump,outdoor_spot,True,True,False,76,81,77,1.32,True,148
MUC-1254,Aubing,suburbs,entry,loft,48.140692,11.411991,99.7,4,7,1983,renovated,621000,500K-750K,6233,1740,3.36,D,gas_central,none,True,True,False,67,66,75,1.48,True,90
MUC-1255,Trudering-Riem,suburbs,entry,townhouse,48.124545,11.642570,140.2,5,1,1959,good,726000,500K-750K,5175,2121,3.51,D,district_heating,underground_garage,False,True,False,75,69,78,1.51,False,0
MUC-1256,Glockenbachviertel,inner_ring,premium,townhouse,48.139688,11.568918,130.4,4,7,1988,good,1151000,1M+,8824,4096,4.27,D,district_heating,underground_garage,True,True,True,50,60,68,2.51,True,91
MUC-1257,Schwabing-West,inner_ring,premium,apartment,48.174371,11.561514,67.2,2,8,1941,needs_renovation,500000,500K-750K,7447,1372,3.29,D,heat_pump,outdoor_spot,True,True,False,71,64,77,1.88,False,0
MUC-1258,Milbertshofen,outer_ring,mid,penthouse,48.179946,11.574622,174.0,6,5,2020,new_build,1415000,1M+,8135,5218,4.43,B,underfloor,none,True,True,False,64,71,75,1.51,False,0
MUC-1259,Bogenhausen,inner_ring,premium,loft,48.154368,11.598148,114.1,4,0,1978,fair,1034000,1M+,9065,3287,3.81,A,underfloor,underground_garage,True,False,True,77,73,75,1.66,False,0
MUC-1260,Altstadt-Lehel,city_center,luxury,penthouse,48.139061,11.569764,141.3,5,4,1988,good,1588000,1M+,11241,5355,4.05,C,district_heating,underground_garage,True,True,False,76,73,86,0.88,False,0
MUC-1261,Sendling,outer_ring,mid,studio,48.104397,11.543931,35.2,1,4,1998,good,245000,<500K,6950,629,3.08,A,underfloor,underground_garage,True,True,True,79,65,74,1.48,True,177
MUC-1262,Au-Haidhausen,inner_ring,mid,penthouse,48.126192,11.583273,204.1,7,8,1930,fair,1640000,1M+,8033,4298,3.14,D,underfloor,outdoor_spot,False,True,True,77,66,74,1.38,True,158
MUC-1263,Sendling,outer_ring,mid,townhouse,48.122909,11.534562,247.6,9,5,1978,fair,1398000,1M+,5645,4359,3.74,D,gas_central,none,True,True,False,69,64,78,1.65,False,0
MUC-1264,Schwabing-Freimann,inner_ring,premium,studio,48.168921,11.593484,34.3,1,6,1950,needs_renovation,199000,<500K,5807,539,3.25,C,underfloor,none,False,True,True,69,70,80,1.21,False,0
MUC-1265,Haidhausen,inner_ring,mid,townhouse,48.131103,11.585137,196.1,7,7,1961,needs_renovation,1108000,1M+,5651,3411,3.69,C,underfloor,outdoor_spot,True,True,True,68,71,77,1.65,False,0
MUC-1266,Schwabing-West,inner_ring,premium,loft,48.156323,11.557268,132.3,5,0,2016,renovated,1119000,1M+,8458,3456,3.71,E,heat_pump,none,False,False,False,69,67,69,1.82,False,0
MUC-1267,Milbertshofen,outer_ring,mid,loft,48.192867,11.563582,138.9,5,2,1957,new_build,934000,750K-1M,6723,3001,3.86,E,district_heating,underground_garage,True,False,False,74,76,73,1.58,True,98
MUC-1268,Schwabing-Ost,inner_ring,premium,townhouse,48.156958,11.593454,136.0,4,8,1969,good,1258000,1M+,9249,3397,3.24,A+,underfloor,none,True,True,True,79,69,73,1.21,True,165
MUC-1269,Ramersdorf-Perlach,suburbs,entry,townhouse,48.102444,11.624907,200.7,7,2,1978,needs_renovation,867000,750K-1M,4321,3092,4.28,C,gas_central,none,True,True,True,58,62,64,2.17,True,9
MUC-1270,Maxvorstadt,city_center,luxury,apartment,48.152436,11.573946,90.1,4,1,1938,needs_renovation,798000,750K-1M,8861,3015,4.53,A,underfloor,none,True,False,True,75,68,82,1.27,False,0
MUC-1271,Pasing-Obermenzing,suburbs,mid,loft,48.143513,11.461308,122.3,4,8,1980,needs_renovation,710000,500K-750K,5804,2164,3.66,E,heat_pump,none,True,True,False,70,62,66,1.97,True,122
MUC-1272,Feldmoching,suburbs,entry,studio,48.206758,11.514649,40.6,2,4,1982,new_build,205000,<500K,5037,533,3.12,B,district_heating,none,False,True,True,53,61,65,2.51,True,169
MUC-1273,Au-Haidhausen,inner_ring,mid,townhouse,48.120274,11.579162,145.4,5,8,1924,good,1354000,1M+,9311,5088,4.51,C,underfloor,underground_garage,True,True,True,76,76,78,1.56,False,0
MUC-1274,Giesing,outer_ring,mid,apartment,48.108166,11.599155,96.0,4,1,1926,renovated,606000,500K-750K,6310,1890,3.74,D,underfloor,outdoor_spot,False,True,False,81,80,73,1.37,True,115
MUC-1275,Schwabing-Ost,inner_ring,premium,townhouse,48.164084,11.605953,253.4,9,8,2001,good,2438000,1M+,9621,7464,3.67,A,underfloor,outdoor_spot,False,True,True,67,60,67,2.24,False,0
MUC-1276,Giesing,outer_ring,mid,penthouse,48.106779,11.594232,140.1,5,0,1928,new_build,983000,750K-1M,7019,3129,3.82,A+,district_heating,underground_garage,True,False,True,77,81,76,1.01,False,0
MUC-1277,Schwabing-Freimann,inner_ring,premium,loft,48.178094,11.577599,70.4,3,2,1934,renovated,478000,<500K,6793,1485,3.73,C,heat_pump,outdoor_spot,False,False,False,64,70,68,2.15,False,0
MUC-1278,Schwabing-Ost,inner_ring,premium,studio,48.157126,11.606979,44.0,1,7,1928,fair,422000,<500K,9589,1165,3.31,C,district_heating,outdoor_spot,False,True,True,71,62,74,1.74,True,19
MUC-1279,Feldmoching,suburbs,entry,apartment,48.220161,11.536417,120.2,4,0,1924,fair,535000,500K-750K,4448,1824,4.09,C,underfloor,outdoor_spot,True,False,True,66,66,77,1.95,True,177
MUC-1280,Glockenbachviertel,inner_ring,premium,studio,48.120609,11.561059,29.7,1,0,2000,new_build,267000,<500K,9000,964,4.33,B,district_heating,outdoor_spot,False,True,False,79,77,74,1.39,False,0
MUC-1281,Milbertshofen,outer_ring,mid,maisonette,48.180776,11.572656,153.5,5,3,1923,needs_renovation,704000,500K-750K,4588,2116,3.61,D,district_heating,underground_garage,False,True,True,74,71,81,1.54,True,11
MUC-1282,Schwabing-Ost,inner_ring,premium,townhouse,48.150636,11.601313,188.5,7,8,1939,needs_renovation,1129000,1M+,5991,2928,3.11,D,gas_central,none,False,True,True,60,54,74,2.3,True,13
MUC-1283,Pasing-Obermenzing,suburbs,mid,loft,48.148498,11.437119,73.7,3,1,1934,fair,458000,<500K,6210,1512,3.96,D,underfloor,outdoor_spot,True,False,True,62,65,77,1.85,True,83
MUC-1284,Giesing,outer_ring,mid,studio,48.112641,11.591693,23.5,1,6,1941,good,163000,<500K,6921,500,3.68,D,gas_central,underground_garage,True,True,True,62,63,78,1.65,True,46
MUC-1285,Schwabing-West,inner_ring,premium,studio,48.168062,11.570912,31.6,1,7,2008,renovated,241000,<500K,7631,803,4.0,A+,gas_central,none,True,True,True,75,82,79,1.2,False,0
MUC-1286,Pasing-Obermenzing,suburbs,mid,penthouse,48.137148,11.434337,120.7,5,1,1999,good,825000,750K-1M,6839,3121,4.54,A,district_heating,underground_garage,True,False,True,65,68,68,1.94,True,12
MUC-1287,Maxvorstadt,city_center,luxury,maisonette,48.154277,11.561352,105.1,4,7,1925,new_build,1287000,1M+,12244,4765,4.44,E,underfloor,none,True,True,False,83,77,75,1.04,True,174
MUC-1288,Moosach,outer_ring,mid,penthouse,48.175622,11.507204,105.7,4,3,1968,renovated,567000,500K-750K,5368,1849,3.91,B,heat_pump,underground_garage,True,True,True,68,65,75,1.68,True,92
MUC-1289,Sendling,outer_ring,mid,townhouse,48.105853,11.526616,195.3,7,1,1979,fair,1249000,1M+,6394,4357,4.19,E,gas_central,none,True,False,True,64,62,76,1.84,True,134
MUC-1290,Glockenbachviertel,inner_ring,premium,maisonette,48.138393,11.551493,163.7,6,6,2014,renovated,1306000,1M+,7981,4002,3.68,E,underfloor,underground_garage,True,True,False,74,75,78,1.81,False,0
MUC-1291,Maximiliansviertel,city_center,ultra,maisonette,48.127407,11.590034,161.0,6,1,1977,fair,1642000,1M+,10199,5297,3.87,B,district_heating,underground_garage,True,False,True,78,80,72,1.37,False,0
MUC-1292,Feldmoching,suburbs,entry,maisonette,48.220635,11.513832,126.4,4,6,1943,good,696000,500K-750K,5510,2377,4.1,C,heat_pump,outdoor_spot,False,True,True,70,66,76,1.77,False,0
MUC-1293,Trudering-Riem,suburbs,entry,townhouse,48.119006,11.642414,122.1,5,0,1985,good,717000,500K-750K,5876,1896,3.17,C,district_heating,none,False,True,False,79,73,74,1.17,True,30
MUC-1294,Glockenbachviertel,inner_ring,premium,townhouse,48.135397,11.567568,141.5,5,3,1961,good,1400000,1M+,9895,4416,3.79,C,district_heating,outdoor_spot,True,True,True,64,69,74,1.56,False,0
MUC-1295,Pasing-Obermenzing,suburbs,mid,townhouse,48.139647,11.445244,251.8,9,1,1944,fair,1264000,1M+,5018,3802,3.61,A,gas_central,outdoor_spot,False,False,True,93,76,79,0.6,False,0
MUC-1296,Altstadt-Lehel,city_center,luxury,loft,48.132236,11.589487,134.5,5,6,1976,new_build,1475000,1M+,10969,3808,3.1,C,heat_pump,none,False,True,False,56,69,71,2.3,False,0
MUC-1297,Maximiliansviertel,city_center,ultra,studio,48.146806,11.587458,35.0,2,4,1941,good,367000,<500K,10499,1095,3.58,E,gas_central,none,True,True,False,81,68,75,1.3,True,45
MUC-1298,Bogenhausen,inner_ring,premium,studio,48.139770,11.598708,35.2,1,5,1943,renovated,320000,<500K,9083,814,3.05,B,heat_pump,underground_garage,True,True,False,61,63,72,2.04,False,0
MUC-1299,Bogenhausen,inner_ring,premium,penthouse,48.158647,11.623034,90.7,3,8,1962,good,823000,750K-1M,9073,2368,3.45,C,underfloor,outdoor_spot,True,True,True,59,56,60,2.9,True,11
MUC-1300,Bogenhausen,inner_ring,premium,apartment,48.152172,11.598706,73.2,3,7,1965,new_build,711000,500K-750K,9717,2340,3.95,B,district_heating,none,True,True,True,72,76,79,1.52,False,0
MUC-1301,Schwabing-West,inner_ring,premium,maisonette,48.174520,11.564933,111.8,4,0,2005,good,854000,750K-1M,7636,2930,4.12,B,underfloor,none,True,True,False,65,59,71,1.87,False,0
MUC-1302,Ramersdorf-Perlach,suburbs,entry,townhouse,48.101088,11.606759,255.6,9,6,1937,needs_renovation,1237000,1M+,4841,3323,3.22,E,underfloor,underground_garage,True,True,False,79,71,73,1.56,True,70
MUC-1303,Ramersdorf-Perlach,suburbs,entry,loft,48.085997,11.611964,120.4,4,2,1968,good,668000,500K-750K,5546,1707,3.07,C,district_heating,underground_garage,False,True,True,76,67,75,1.62,False,0
MUC-1304,Glockenbachviertel,inner_ring,premium,studio,48.120680,11.564977,31.6,1,3,1923,new_build,343000,<500K,10865,1077,3.77,C,heat_pump,none,True,True,True,64,61,70,2.15,False,0
MUC-1305,Milbertshofen,outer_ring,mid,studio,48.181401,11.563358,25.7,1,5,1979,renovated,155000,<500K,6022,398,3.08,B,district_heating,none,False,True,True,89,91,78,0.52,True,25
MUC-1306,Aubing,suburbs,entry,studio,48.150263,11.424411,41.0,2,4,1954,good,181000,<500K,4408,589,3.9,C,heat_pump,underground_garage,True,True,True,65,73,74,1.44,True,57
MUC-1307,Giesing,outer_ring,mid,townhouse,48.113383,11.590660,234.7,8,8,2011,needs_renovation,1440000,1M+,6134,5102,4.25,A+,heat_pump,outdoor_spot,False,True,True,82,68,73,1.28,False,0
MUC-1308,Aubing,suburbs,entry,penthouse,48.144755,11.437203,203.6,7,1,1948,renovated,1174000,1M+,5766,3152,3.22,D,district_heating,underground_garage,True,False,False,69,68,72,1.33,True,28
MUC-1309,Maxvorstadt,city_center,luxury,apartment,48.157833,11.568204,79.6,3,0,1928,good,761000,750K-1M,9566,2649,4.18,B,heat_pump,underground_garage,True,True,True,79,67,81,1.45,False,0
MUC-1310,Feldmoching,suburbs,entry,loft,48.211048,11.517917,122.5,4,8,1992,new_build,637000,500K-750K,5201,2071,3.9,E,district_heating,none,True,True,True,72,70,75,1.22,False,0
MUC-1311,Glockenbachviertel,inner_ring,premium,maisonette,48.126495,11.562681,147.4,5,5,1968,fair,1146000,1M+,7776,3204,3.35,A,heat_pump,none,False,True,True,92,75,77,0.69,False,0
MUC-1312,Schwabing-West,inner_ring,premium,studio,48.158975,11.556572,32.5,1,7,1948,needs_renovation,221000,<500K,6815,835,4.53,E,heat_pump,underground_garage,True,True,True,75,76,78,1.68,True,27
MUC-1313,Schwabing-Ost,inner_ring,premium,apartment,48.158313,11.596856,46.3,2,1,2014,renovated,289000,<500K,6249,1089,4.52,D,underfloor,outdoor_spot,True,False,True,84,88,76,0.82,False,0
MUC-1314,Milbertshofen,outer_ring,mid,maisonette,48.180520,11.564195,178.8,6,2,2018,fair,932000,750K-1M,5215,2634,3.39,A,district_heating,outdoor_spot,True,False,False,86,75,77,0.72,True,84
MUC-1315,Bogenhausen,inner_ring,premium,apartment,48.143166,11.613897,97.8,4,7,2021,fair,783000,750K-1M,8007,2631,4.03,C,district_heating,outdoor_spot,True,True,False,72,72,82,1.22,True,97
MUC-1316,Au-Haidhausen,inner_ring,mid,loft,48.122432,11.574886,112.8,4,2,1982,fair,706000,500K-750K,6263,2422,4.12,D,underfloor,outdoor_spot,True,False,True,65,74,77,1.56,True,68
MUC-1317,Glockenbachviertel,inner_ring,premium,townhouse,48.131885,11.556334,162.9,6,5,1927,new_build,1699000,1M+,10429,4531,3.2,D,underfloor,underground_garage,True,True,False,87,81,84,0.84,False,0
MUC-1318,Ramersdorf-Perlach,suburbs,entry,penthouse,48.090230,11.617937,127.5,4,1,2008,new_build,901000,750K-1M,7066,2387,3.18,C,underfloor,outdoor_spot,True,False,True,81,71,82,0.93,True,82
MUC-1319,Schwabing-Ost,inner_ring,premium,apartment,48.161488,11.586773,111.8,4,3,1963,fair,863000,750K-1M,7722,3016,4.19,C,district_heating,none,False,True,False,83,77,80,0.89,True,77
MUC-1320,Feldmoching,suburbs,entry,townhouse,48.212349,11.519877,253.7,9,1,1995,good,1145000,1M+,4514,3706,3.88,D,heat_pump,outdoor_spot,True,True,False,74,71,72,1.32,True,160
MUC-1321,Maximiliansviertel,city_center,ultra,penthouse,48.137477,11.597003,230.9,8,8,1943,needs_renovation,2327000,1M+,10080,7817,4.03,D,underfloor,none,True,True,True,81,69,78,1.38,False,0
MUC-1322,Au-Haidhausen,inner_ring,mid,townhouse,48.114946,11.578414,224.8,8,6,1960,new_build,2083000,1M+,9264,7498,4.32,B,gas_central,underground_garage,False,True,True,62,61,74,1.96,True,80
MUC-1323,Au-Haidhausen,inner_ring,mid,maisonette,48.123049,11.603639,144.7,5,2,1954,renovated,863000,750K-1M,5961,3043,4.23,D,district_heating,underground_garage,True,True,False,74,75,71,1.39,False,0
MUC-1324,Ramersdorf-Perlach,suburbs,entry,apartment,48.103323,11.618250,72.7,3,2,1950,new_build,467000,<500K,6420,1471,3.78,C,underfloor,underground_garage,False,False,False,73,72,78,1.58,True,150
MUC-1325,Schwabing-Ost,inner_ring,premium,maisonette,48.167140,11.599419,101.8,3,3,1955,fair,757000,750K-1M,7437,2742,4.35,C,underfloor,none,False,True,False,73,75,71,1.45,False,0
MUC-1326,Bogenhausen,inner_ring,premium,studio,48.144612,11.616670,22.5,1,0,2014,new_build,233000,<500K,10338,821,4.23,C,district_heating,none,False,False,False,79,74,84,1.07,True,101
MUC-1327,Sendling,outer_ring,mid,penthouse,48.108221,11.550890,137.6,5,2,1976,good,1057000,1M+,7679,3696,4.2,E,underfloor,none,True,False,False,59,73,77,1.85,False,0
MUC-1328,Schwabing-Freimann,inner_ring,premium,loft,48.180886,11.594954,65.3,2,8,2014,good,516000,500K-750K,7901,1308,3.04,A,underfloor,underground_garage,False,True,False,76,75,80,1.39,True,29
MUC-1329,Haidhausen,inner_ring,mid,townhouse,48.121190,11.604207,224.5,8,6,2021,good,1782000,1M+,7938,6479,4.36,B,district_heating,outdoor_spot,False,True,True,70,76,75,1.29,True,97
MUC-1330,Feldmoching,suburbs,entry,loft,48.208088,11.541543,111.8,4,1,1979,renovated,502000,500K-750K,4492,1811,4.33,E,gas_central,none,True,True,True,69,69,69,1.82,True,117
MUC-1331,Glockenbachviertel,inner_ring,premium,penthouse,48.120544,11.566407,241.4,9,4,1956,fair,1993000,1M+,8258,6100,3.67,B,gas_central,outdoor_spot,False,True,True,64,74,77,1.7,True,68
MUC-1332,Neuhausen-Nymphenburg,inner_ring,premium,studio,48.159724,11.532820,35.4,1,1,1921,fair,238000,<500K,6717,695,3.5,D,heat_pump,underground_garage,True,False,True,71,71,76,1.79,True,61
MUC-1333,Glockenbachviertel,inner_ring,premium,townhouse,48.139497,11.574902,255.1,9,0,1920,good,2111000,1M+,8277,6323,3.59,A+,gas_central,outdoor_spot,False,False,False,53,48,68,2.97,False,0
MUC-1334,Bogenhausen,inner_ring,premium,maisonette,48.138052,11.616508,94.2,3,0,1936,fair,903000,750K-1M,9583,3237,4.3,D,heat_pump,none,False,False,True,69,60,75,2.17,True,126
MUC-1335,Bogenhausen,inner_ring,premium,townhouse,48.149236,11.622886,229.7,8,2,1926,renovated,1723000,1M+,7500,5361,3.73,C,underfloor,outdoor_spot,True,False,False,75,68,82,1.26,True,38
MUC-1336,Schwabing-Freimann,inner_ring,premium,studio,48.169491,11.580112,26.2,1,8,1954,needs_renovation,199000,<500K,7612,649,3.91,C,district_heating,underground_garage,True,True,True,79,71,76,1.55,True,85
MUC-1337,Altstadt-Lehel,city_center,luxury,apartment,48.132023,11.589840,72.4,3,1,1961,renovated,579000,500K-750K,7995,1794,3.72,D,heat_pump,underground_garage,True,False,False,61,65,67,2.22,False,0
MUC-1338,Feldmoching,suburbs,entry,townhouse,48.205804,11.538998,152.4,6,1,1990,needs_renovation,590000,500K-750K,3874,1781,3.62,E,gas_central,outdoor_spot,True,True,True,72,72,67,1.98,True,77
MUC-1339,Glockenbachviertel,inner_ring,premium,studio,48.136926,11.567077,42.8,2,5,2005,new_build,487000,<500K,11383,1542,3.8,C,underfloor,outdoor_spot,True,True,True,75,68,74,1.74,True,110
MUC-1340,Schwabing-West,inner_ring,premium,maisonette,48.152071,11.563352,147.6,5,2,1983,needs_renovation,1036000,1M+,7020,3297,3.82,A,gas_central,none,False,False,True,66,74,73,1.84,True,146
MUC-1341,Maxvorstadt,city_center,luxury,loft,48.152024,11.580319,68.6,2,1,1979,needs_renovation,574000,500K-750K,8362,1700,3.55,C,gas_central,outdoor_spot,True,True,True,76,63,78,1.55,True,151
MUC-1342,Au-Haidhausen,inner_ring,mid,studio,48.129577,11.587398,29.9,1,2,1947,renovated,182000,<500K,6102,687,4.53,C,district_heating,underground_garage,True,False,False,82,76,73,1.04,False,0
MUC-1343,Aubing,suburbs,entry,loft,48.149622,11.417184,88.9,3,6,2022,good,399000,<500K,4491,1068,3.21,A+,underfloor,none,False,True,True,81,78,74,1.23,True,161
MUC-1344,Trudering-Riem,suburbs,entry,maisonette,48.109782,11.645228,94.8,3,1,1941,renovated,535000,500K-750K,5644,1647,3.69,B,underfloor,underground_garage,False,True,True,62,69,71,1.68,False,0
MUC-1345,Ramersdorf-Perlach,suburbs,entry,townhouse,48.105308,11.623558,196.8,7,4,1924,fair,1051000,1M+,5340,3329,3.8,B,district_heating,none,True,True,False,62,64,71,2.64,True,142
MUC-1346,Schwabing-West,inner_ring,premium,maisonette,48.157528,11.572549,91.7,3,5,1977,fair,628000,500K-750K,6849,1805,3.45,E,heat_pump,none,True,True,True,75,72,75,1.14,False,0
MUC-1347,Schwabing-Ost,inner_ring,premium,townhouse,48.170835,11.602092,207.9,7,7,2022,renovated,1758000,1M+,8457,5041,3.44,D,district_heating,outdoor_spot,True,True,False,58,53,63,2.58,True,143
MUC-1348,Maxvorstadt,city_center,luxury,studio,48.162782,11.563564,30.2,1,8,1924,new_build,320000,<500K,10593,847,3.18,D,district_heating,none,False,True,True,68,67,79,1.86,False,0
MUC-1349,Maximiliansviertel,city_center,ultra,apartment,48.141103,11.577224,123.0,4,7,2016,new_build,2041000,1M+,16590,7176,4.22,C,gas_central,none,True,True,True,75,63,75,1.66,False,0
MUC-1350,Haidhausen,inner_ring,mid,loft,48.132680,11.604045,99.9,4,2,2002,good,722000,500K-750K,7228,1934,3.21,B,underfloor,outdoor_spot,False,False,True,67,67,77,1.76,True,107
MUC-1351,Milbertshofen,outer_ring,mid,loft,48.184207,11.553464,93.7,3,6,1972,fair,699000,500K-750K,7458,2612,4.48,D,district_heating,underground_garage,False,True,False,77,80,76,1.35,True,43
MUC-1352,Ramersdorf-Perlach,suburbs,entry,townhouse,48.083275,11.620876,248.4,9,0,2000,needs_renovation,1281000,1M+,5155,3901,3.65,B,heat_pump,underground_garage,False,False,True,61,66,70,2.46,False,0
MUC-1353,Schwabing-Ost,inner_ring,premium,loft,48.158509,11.583254,109.9,4,7,2009,good,1022000,1M+,9299,3593,4.22,B,gas_central,none,True,True,False,72,73,73,1.15,True,131
MUC-1354,Trudering-Riem,suburbs,entry,townhouse,48.112694,11.646421,134.0,4,8,1995,good,673000,500K-750K,5023,2360,4.21,C,heat_pump,underground_garage,True,True,True,81,66,71,1.45,False,0
MUC-1355,Au-Haidhausen,inner_ring,mid,maisonette,48.118551,11.596006,113.9,4,8,1996,renovated,839000,750K-1M,7366,2408,3.44,C,gas_central,underground_garage,False,True,True,72,72,76,1.7,False,0
MUC-1356,Milbertshofen,outer_ring,mid,maisonette,48.180003,11.550497,162.8,5,0,1974,renovated,971000,750K-1M,5962,2991,3.7,C,heat_pump,none,True,False,False,76,76,78,1.23,True,126
MUC-1357,Ramersdorf-Perlach,suburbs,entry,penthouse,48.101571,11.602430,167.6,6,8,1987,new_build,1206000,1M+,7195,3729,3.71,A,underfloor,underground_garage,True,True,False,63,70,79,1.73,True,11
MUC-1358,Maximiliansviertel,city_center,ultra,studio,48.130279,11.585244,29.0,1,2,1938,needs_renovation,265000,<500K,9132,985,4.46,A+,heat_pump,underground_garage,True,False,True,69,67,78,1.49,False,0
MUC-1359,Au-Haidhausen,inner_ring,mid,maisonette,48.133007,11.597340,163.4,6,2,2017,renovated,1197000,1M+,7325,3710,3.72,D,underfloor,outdoor_spot,False,False,False,62,70,69,2.08,True,172
MUC-1360,Au-Haidhausen,inner_ring,mid,penthouse,48.129062,11.593277,203.2,7,4,1991,new_build,1847000,1M+,9091,4822,3.13,C,underfloor,none,True,True,True,69,73,79,1.72,False,0
MUC-1361,Trudering-Riem,suburbs,entry,penthouse,48.109514,11.636769,129.2,5,7,1930,needs_renovation,610000,500K-750K,4723,1844,3.63,C,heat_pump,outdoor_spot,False,True,True,70,58,71,2.0,True,26
MUC-1362,Trudering-Riem,suburbs,entry,studio,48.109236,11.640521,39.7,1,6,2006,renovated,180000,<500K,4522,675,4.5,A,heat_pump,outdoor_spot,True,True,True,70,64,68,1.86,True,62
MUC-1363,Aubing,suburbs,entry,loft,48.146265,11.422889,90.8,3,0,1960,fair,463000,<500K,5102,1197,3.1,C,district_heating,underground_garage,True,False,True,92,92,79,0.32,True,105
MUC-1364,Au-Haidhausen,inner_ring,mid,penthouse,48.113414,11.592974,215.3,7,8,1941,renovated,1710000,1M+,7941,5217,3.66,D,heat_pump,none,False,True,True,62,56,70,2.14,True,124
MUC-1365,Sendling,outer_ring,mid,maisonette,48.115349,11.547985,179.9,7,3,1994,needs_renovation,912000,750K-1M,5070,2471,3.25,D,heat_pump,outdoor_spot,False,True,True,66,65,78,1.46,True,82
MUC-1366,Moosach,outer_ring,mid,townhouse,48.185344,11.533289,177.9,6,5,1963,renovated,1155000,1M+,6491,3788,3.94,C,district_heating,none,False,True,False,75,74,70,1.49,True,179
MUC-1367,Glockenbachviertel,inner_ring,premium,townhouse,48.135999,11.561144,207.7,7,7,2006,new_build,2016000,1M+,9706,7170,4.27,D,district_heating,underground_garage,True,True,False,70,67,79,1.45,False,0
MUC-1368,Au-Haidhausen,inner_ring,mid,studio,48.111625,11.596194,37.7,2,3,1931,needs_renovation,240000,<500K,6363,852,4.26,C,gas_central,underground_garage,False,True,True,71,72,65,2.06,True,72
MUC-1369,Feldmoching,suburbs,entry,penthouse,48.214708,11.518214,195.6,7,2,1928,needs_renovation,687000,500K-750K,3512,1776,3.1,D,gas_central,none,True,False,True,81,73,80,0.98,True,158
MUC-1370,Sendling,outer_ring,mid,apartment,48.117336,11.549293,124.1,5,0,1961,fair,920000,750K-1M,7410,2787,3.64,A+,gas_central,underground_garage,False,False,True,73,72,76,1.47,True,2
MUC-1371,Schwabing-Ost,inner_ring,premium,loft,48.152471,11.579554,124.6,5,3,2008,fair,1134000,1M+,9099,4187,4.43,A+,underfloor,underground_garage,True,True,True,63,59,73,1.94,False,0
MUC-1372,Sendling,outer_ring,mid,studio,48.106932,11.537007,41.1,2,8,2021,renovated,345000,<500K,8399,1210,4.21,A,district_heating,underground_garage,True,True,False,80,77,78,1.25,False,0
MUC-1373,Schwabing-West,inner_ring,premium,maisonette,48.169884,11.554960,85.5,3,6,1928,new_build,897000,750K-1M,10491,2895,3.87,B,district_heating,outdoor_spot,True,True,False,63,59,75,2.0,False,0
MUC-1374,Aubing,suburbs,entry,townhouse,48.147062,11.418288,227.4,8,5,1995,renovated,1019000,1M+,4483,2564,3.02,A,heat_pump,outdoor_spot,True,True,False,77,80,82,1.26,True,114
MUC-1375,Haidhausen,inner_ring,mid,apartment,48.121036,11.606711,47.1,2,8,2003,good,361000,<500K,7660,1318,4.38,C,district_heating,none,True,True,True,59,63,70,1.98,False,0
MUC-1376,Maxvorstadt,city_center,luxury,loft,48.144497,11.577376,128.7,5,3,1945,renovated,1331000,1M+,10339,3918,3.53,B,heat_pump,none,False,True,False,68,74,73,1.96,True,27
MUC-1377,Au-Haidhausen,inner_ring,mid,maisonette,48.132427,11.601216,101.9,3,3,2008,renovated,744000,500K-750K,7300,2066,3.33,C,underfloor,underground_garage,True,True,False,64,67,73,2.32,True,92
MUC-1378,Altstadt-Lehel,city_center,luxury,maisonette,48.138513,11.564672,99.4,4,5,1925,new_build,1036000,1M+,10418,2973,3.44,B,gas_central,underground_garage,False,True,False,73,70,82,1.15,False,0
MUC-1379,Altstadt-Lehel,city_center,luxury,townhouse,48.145155,11.564517,228.1,8,3,1959,fair,2057000,1M+,9016,7307,4.26,E,district_heating,underground_garage,False,True,True,68,70,76,2.23,False,0
MUC-1380,Giesing,outer_ring,mid,studio,48.107081,11.594731,35.8,2,3,1925,needs_renovation,199000,<500K,5556,719,4.34,B,gas_central,none,True,True,False,77,76,83,0.79,True,21
MUC-1381,Glockenbachviertel,inner_ring,premium,penthouse,48.136684,11.563447,171.4,6,8,1967,fair,1564000,1M+,9122,4274,3.28,C,underfloor,none,True,True,True,71,70,80,1.61,True,57
MUC-1382,Giesing,outer_ring,mid,penthouse,48.105150,11.580932,139.0,5,2,1967,good,918000,750K-1M,6604,2455,3.21,C,heat_pump,outdoor_spot,True,False,False,81,77,82,0.83,True,128
MUC-1383,Moosach,outer_ring,mid,maisonette,48.176652,11.504642,103.4,4,5,1930,good,774000,750K-1M,7481,2451,3.8,A,district_heating,none,False,True,False,66,70,65,2.19,True,85
MUC-1384,Sendling,outer_ring,mid,townhouse,48.108265,11.547267,236.8,8,2,2016,needs_renovation,1508000,1M+,6368,3787,3.01,C,district_heating,outdoor_spot,True,False,True,77,76,74,1.5,False,0
MUC-1385,Neuhausen-Nymphenburg,inner_ring,premium,maisonette,48.150346,11.528074,103.4,4,8,2016,fair,955000,750K-1M,9238,2960,3.72,D,gas_central,outdoor_spot,True,True,True,63,61,75,1.92,True,36
MUC-1386,Feldmoching,suburbs,entry,townhouse,48.223670,11.522267,111.5,4,5,1963,renovated,560000,500K-750K,5025,1899,4.07,A+,district_heating,underground_garage,False,True,False,72,69,71,1.78,True,155
MUC-1387,Aubing,suburbs,entry,maisonette,48.145973,11.419827,100.4,3,8,1969,renovated,545000,500K-750K,5424,1595,3.51,D,gas_central,underground_garage,True,True,False,79,72,74,1.21,True,51
MUC-1388,Schwabing-West,inner_ring,premium,penthouse,48.172972,11.564677,127.3,5,1,1978,new_build,1118000,1M+,8782,2811,3.02,A,underfloor,outdoor_spot,True,True,True,76,68,80,1.64,True,53
MUC-1389,Pasing-Obermenzing,suburbs,mid,maisonette,48.139173,11.455490,95.9,4,4,1995,renovated,595000,500K-750K,6206,2017,4.07,C,gas_central,none,False,True,True,73,73,75,0.9,False,0
MUC-1390,Au-Haidhausen,inner_ring,mid,apartment,48.122505,11.575073,62.4,3,7,1964,good,462000,<500K,7409,1650,4.29,C,underfloor,none,False,True,True,66,63,74,1.81,True,101
MUC-1391,Maxvorstadt,city_center,luxury,studio,48.144553,11.578916,42.3,2,1,2009,renovated,446000,<500K,10540,1353,3.64,C,heat_pump,outdoor_spot,True,True,True,56,62,73,2.14,False,0
MUC-1392,Au-Haidhausen,inner_ring,mid,townhouse,48.112041,11.593066,222.5,8,6,1944,fair,1394000,1M+,6267,3939,3.39,C,district_heating,none,False,True,True,56,66,70,2.15,False,0
MUC-1393,Bogenhausen,inner_ring,premium,penthouse,48.147199,11.603574,117.3,4,1,1942,good,847000,750K-1M,7217,2934,4.16,C,gas_central,underground_garage,True,False,True,86,73,79,0.74,True,179
MUC-1394,Maxvorstadt,city_center,luxury,townhouse,48.158876,11.577145,209.4,8,1,1969,good,1860000,1M+,8884,6096,3.93,E,gas_central,underground_garage,True,False,True,67,65,71,1.67,True,50
MUC-1395,Schwabing-West,inner_ring,premium,townhouse,48.156394,11.579569,135.2,4,6,1985,new_build,1490000,1M+,11022,4350,3.5,C,gas_central,underground_garage,True,True,False,65,71,69,2.11,True,4
MUC-1396,Schwabing-Ost,inner_ring,premium,penthouse,48.163496,11.577459,163.4,5,4,2003,needs_renovation,992000,750K-1M,6070,2567,3.11,A,gas_central,outdoor_spot,True,True,True,66,71,80,1.71,True,162
MUC-1397,Schwabing-Ost,inner_ring,premium,townhouse,48.164070,11.606271,129.9,4,5,2005,fair,851000,750K-1M,6554,2147,3.03,C,district_heating,underground_garage,True,True,True,60,63,72,2.26,False,0
MUC-1398,Schwabing-Freimann,inner_ring,premium,penthouse,48.168512,11.596137,189.2,6,5,1983,good,1301000,1M+,6875,3888,3.59,C,heat_pump,underground_garage,False,True,False,67,74,81,1.57,False,0
MUC-1399,Maxvorstadt,city_center,luxury,townhouse,48.151301,11.582127,231.9,9,3,2013,good,2024000,1M+,8726,5602,3.32,D,gas_central,none,True,True,True,83,83,81,1.21,True,114
MUC-1400,Altstadt-Lehel,city_center,luxury,penthouse,48.126751,11.575149,98.3,4,3,1936,new_build,990000,750K-1M,10067,3181,3.86,C,gas_central,none,False,True,True,62,68,72,1.82,False,0
MUC-1401,Aubing,suburbs,entry,maisonette,48.138175,11.416661,176.8,6,7,1930,good,920000,750K-1M,5202,2501,3.26,D,underfloor,underground_garage,True,True,False,72,75,78,1.53,False,0
MUC-1402,Pasing-Obermenzing,suburbs,mid,townhouse,48.143084,11.438784,136.4,5,4,1978,good,804000,750K-1M,5896,2643,3.94,B,district_heating,none,False,True,False,72,75,74,1.13,True,107
MUC-1403,Schwabing-Ost,inner_ring,premium,maisonette,48.171092,11.588294,110.8,4,1,1972,new_build,1146000,1M+,10339,3050,3.19,D,heat_pump,none,True,False,False,55,66,75,2.28,False,0
MUC-1404,Schwabing-Ost,inner_ring,premium,penthouse,48.170036,11.599170,166.4,6,5,2000,new_build,1627000,1M+,9780,5432,4.01,D,gas_central,underground_garage,True,True,True,65,69,69,1.91,False,0
MUC-1405,Schwabing-Ost,inner_ring,premium,apartment,48.157344,11.594685,84.3,3,6,1941,fair,608000,500K-750K,7209,1759,3.47,C,district_heating,underground_garage,True,True,False,78,73,75,1.24,False,0
MUC-1406,Sendling,outer_ring,mid,maisonette,48.118970,11.550701,149.9,5,2,2024,fair,806000,750K-1M,5378,2088,3.11,B,heat_pump,underground_garage,False,True,True,62,66,73,2.19,True,29
MUC-1407,Au-Haidhausen,inner_ring,mid,penthouse,48.125010,11.580277,99.4,3,3,1953,fair,718000,500K-750K,7225,2647,4.42,A,district_heating,outdoor_spot,True,True,True,82,71,75,0.95,True,125
MUC-1408,Schwabing-Freimann,inner_ring,premium,apartment,48.161328,11.581982,98.2,4,0,1932,renovated,727000,500K-750K,7408,1824,3.01,C,heat_pump,none,True,True,True,67,66,74,2.33,False,0
MUC-1409,Moosach,outer_ring,mid,townhouse,48.189704,11.532130,169.8,6,5,1962,new_build,1037000,1M+,6107,3766,4.36,A,heat_pump,none,False,True,False,67,70,64,2.17,True,176
MUC-1410,Glockenbachviertel,inner_ring,premium,apartment,48.130058,11.564807,128.7,5,5,1922,good,1292000,1M+,10040,4859,4.51,D,district_heating,outdoor_spot,True,True,False,82,73,79,1.0,False,0
MUC-1411,Schwabing-Freimann,inner_ring,premium,penthouse,48.178723,11.582816,203.9,8,8,1924,renovated,1640000,1M+,8042,4286,3.14,E,district_heating,outdoor_spot,True,True,True,76,76,73,1.76,True,44
MUC-1412,Schwabing-West,inner_ring,premium,apartment,48.153631,11.582901,50.2,2,6,2018,good,381000,<500K,7594,1080,3.4,C,underfloor,underground_garage,False,True,True,63,53,63,2.55,False,0
MUC-1413,Aubing,suburbs,entry,townhouse,48.133752,11.418397,221.4,8,8,1975,renovated,1081000,1M+,4884,2865,3.18,D,district_heating,none,False,True,True,64,74,80,1.62,False,0
MUC-1414,Schwabing-Ost,inner_ring,premium,apartment,48.161646,11.577150,91.1,3,6,1974,good,805000,750K-1M,8831,2847,4.24,A,district_heating,none,True,True,False,58,67,72,2.06,True,76
MUC-1415,Neuhausen-Nymphenburg,inner_ring,premium,loft,48.156896,11.519274,82.7,3,0,1996,good,593000,500K-750K,7171,2246,4.55,D,underfloor,outdoor_spot,True,True,False,99,90,85,0.24,True,54
MUC-1416,Neuhausen-Nymphenburg,inner_ring,premium,penthouse,48.161710,11.507177,227.1,8,4,2024,renovated,2200000,1M+,9689,7067,3.85,C,heat_pump,outdoor_spot,False,True,True,70,75,76,1.83,False,0
MUC-1417,Schwabing-Ost,inner_ring,premium,loft,48.150136,11.586803,129.3,4,4,1978,renovated,1040000,1M+,8040,3197,3.69,B,district_heating,outdoor_spot,True,True,True,73,62,76,1.88,False,0
MUC-1418,Bogenhausen,inner_ring,premium,townhouse,48.144937,11.624681,236.2,9,1,1965,fair,1748000,1M+,7401,4489,3.08,D,underfloor,underground_garage,True,True,False,64,65,76,2.19,False,0
MUC-1419,Aubing,suburbs,entry,maisonette,48.155109,11.427684,157.6,6,1,2019,fair,911000,750K-1M,5782,3048,4.01,A,underfloor,none,True,True,True,70,66,68,1.81,True,147
MUC-1420,Glockenbachviertel,inner_ring,premium,loft,48.124269,11.567361,74.5,3,6,1958,needs_renovation,462000,<500K,6195,1350,3.51,D,underfloor,none,True,True,True,74,69,73,1.73,False,0
MUC-1421,Maximiliansviertel,city_center,ultra,townhouse,48.146691,11.590269,128.6,5,1,1943,needs_renovation,1289000,1M+,10024,3231,3.01,D,district_heating,none,False,False,True,71,66,77,1.37,True,32
MUC-1422,Maximiliansviertel,city_center,ultra,penthouse,48.133766,11.603088,157.7,6,0,1951,good,1454000,1M+,9223,5423,4.48,C,heat_pump,none,False,False,True,57,62,65,2.3,False,0
MUC-1423,Schwabing-Freimann,inner_ring,premium,apartment,48.177003,11.575342,52.9,2,3,1937,needs_renovation,337000,<500K,6366,1102,3.92,B,gas_central,outdoor_spot,True,True,True,73,68,74,1.7,False,0
MUC-1424,Ramersdorf-Perlach,suburbs,entry,penthouse,48.104365,11.602397,101.3,4,3,2011,good,571000,500K-750K,5632,1908,4.01,D,underfloor,underground_garage,True,True,True,53,66,66,2.4,True,32
MUC-1425,Trudering-Riem,suburbs,entry,apartment,48.107840,11.652651,66.3,2,5,2019,good,309000,<500K,4656,1093,4.24,E,district_heating,underground_garage,True,True,True,67,80,73,1.4,False,0
MUC-1426,Feldmoching,suburbs,entry,loft,48.222412,11.527789,87.9,3,4,1990,good,470000,<500K,5347,1723,4.4,D,underfloor,outdoor_spot,True,True,True,86,75,77,1.06,True,176
MUC-1427,Maximiliansviertel,city_center,ultra,penthouse,48.143717,11.593827,150.6,6,0,2012,good,1827000,1M+,12133,5159,3.39,D,heat_pump,outdoor_spot,True,False,True,77,67,82,1.42,False,0
MUC-1428,Neuhausen-Nymphenburg,inner_ring,premium,studio,48.152224,11.531338,31.3,1,1,2001,new_build,236000,<500K,7524,664,3.38,E,district_heating,outdoor_spot,True,False,True,74,66,73,1.43,True,132
MUC-1429,Trudering-Riem,suburbs,entry,loft,48.121949,11.648364,75.2,3,0,2011,fair,414000,<500K,5505,1438,4.17,E,district_heating,none,True,False,True,84,85,84,0.97,False,0
MUC-1430,Maximiliansviertel,city_center,ultra,studio,48.148291,11.579344,41.3,1,0,1974,fair,441000,<500K,10688,1317,3.58,D,district_heating,outdoor_spot,False,False,False,72,62,73,1.93,False,0
MUC-1431,Feldmoching,suburbs,entry,townhouse,48.212147,11.540792,187.3,7,7,1999,fair,821000,750K-1M,4386,2059,3.01,D,underfloor,outdoor_spot,True,True,True,67,64,73,1.62,True,51
MUC-1432,Schwabing-West,inner_ring,premium,maisonette,48.163798,11.580055,92.4,3,2,2018,good,672000,500K-750K,7272,2025,3.62,A,underfloor,none,True,True,False,75,70,81,1.24,False,0
MUC-1433,Altstadt-Lehel,city_center,luxury,penthouse,48.133822,11.586515,107.7,4,2,1970,fair,1171000,1M+,10872,4299,4.41,B,underfloor,outdoor_spot,True,False,True,69,73,79,1.37,False,0
MUC-1434,Moosach,outer_ring,mid,maisonette,48.188126,11.527310,130.2,5,6,1936,new_build,1178000,1M+,9047,4159,4.24,A,heat_pump,outdoor_spot,True,True,True,70,64,78,1.44,True,123
MUC-1435,Pasing-Obermenzing,suburbs,mid,maisonette,48.135573,11.436678,104.8,3,8,1943,renovated,621000,500K-750K,5927,1645,3.18,C,district_heating,none,True,True,True,71,71,73,1.75,True,152
MUC-1436,Bogenhausen,inner_ring,premium,apartment,48.141405,11.599169,61.0,2,2,1974,new_build,628000,500K-750K,10299,1644,3.14,B,heat_pump,outdoor_spot,True,True,False,69,67,76,1.63,False,0
MUC-1437,Pasing-Obermenzing,suburbs,mid,studio,48.131441,11.445107,38.4,1,0,1943,new_build,210000,<500K,5471,705,4.03,C,heat_pump,outdoor_spot,False,True,True,67,66,76,1.63,True,4
MUC-1438,Trudering-Riem,suburbs,entry,studio,48.123691,11.640109,39.0,1,8,1997,good,196000,<500K,5016,560,3.43,D,district_heating,none,False,True,True,57,59,73,2.03,True,26
MUC-1439,Schwabing-West,inner_ring,premium,studio,48.173704,11.571670,38.7,2,3,1988,renovated,262000,<500K,6768,720,3.3,E,heat_pump,outdoor_spot,True,True,True,62,73,77,1.9,False,0
MUC-1440,Ramersdorf-Perlach,suburbs,entry,loft,48.083425,11.610670,123.3,4,4,2009,renovated,629000,500K-750K,5100,2354,4.49,C,district_heating,underground_garage,True,True,True,81,67,80,1.43,True,100
MUC-1441,Schwabing-Ost,inner_ring,premium,apartment,48.162373,11.583308,50.2,2,0,2021,needs_renovation,301000,<500K,5999,1029,4.1,C,gas_central,underground_garage,True,False,False,71,68,79,1.38,True,38
MUC-1442,Sendling,outer_ring,mid,apartment,48.123254,11.530913,96.0,3,3,1988,new_build,601000,500K-750K,6257,1774,3.54,C,gas_central,outdoor_spot,True,True,False,60,57,73,2.15,True,15
MUC-1443,Altstadt-Lehel,city_center,luxury,studio,48.144974,11.566978,26.1,1,8,2004,needs_renovation,192000,<500K,7365,666,4.16,C,underfloor,underground_garage,False,True,False,70,74,75,1.82,True,162
MUC-1444,Schwabing-Ost,inner_ring,premium,townhouse,48.151535,11.584052,175.1,6,7,1931,fair,1237000,1M+,7063,3390,3.29,D,district_heating,outdoor_spot,False,True,True,56,63,73,2.21,False,0
MUC-1445,Aubing,suburbs,entry,maisonette,48.136708,11.412406,104.5,4,6,1932,needs_renovation,394000,<500K,3769,1369,4.17,A+,district_heating,underground_garage,False,True,True,63,67,69,1.68,True,161
MUC-1446,Aubing,suburbs,entry,apartment,48.132524,11.437091,86.5,3,1,1945,renovated,434000,<500K,5019,1403,3.88,A,heat_pump,none,True,True,True,48,54,62,2.71,True,76
MUC-1447,Schwabing-Freimann,inner_ring,premium,penthouse,48.173377,11.599095,90.2,3,3,1974,fair,591000,500K-750K,6556,1981,4.02,D,district_heating,outdoor_spot,False,True,True,86,76,84,1.0,True,73
MUC-1448,Milbertshofen,outer_ring,mid,studio,48.170931,11.556112,43.2,2,0,1997,renovated,227000,<500K,5258,724,3.83,B,heat_pump,outdoor_spot,True,True,False,67,60,74,2.0,True,68
MUC-1449,Schwabing-West,inner_ring,premium,penthouse,48.170033,11.578951,214.4,7,2,1969,fair,1898000,1M+,8854,6683,4.23,B,district_heating,outdoor_spot,False,True,False,58,67,77,1.98,True,127
MUC-1450,Ramersdorf-Perlach,suburbs,entry,loft,48.093351,11.627285,123.5,4,3,1969,fair,692000,500K-750K,5601,2215,3.84,D,gas_central,none,True,True,True,72,67,70,1.52,True,53
MUC-1451,Altstadt-Lehel,city_center,luxury,penthouse,48.133898,11.574618,237.3,8,5,1966,renovated,2241000,1M+,9444,6022,3.22,D,district_heating,none,False,True,True,85,83,76,1.11,False,0
MUC-1452,Bogenhausen,inner_ring,premium,maisonette,48.144959,11.595990,117.2,4,1,1981,needs_renovation,932000,750K-1M,7949,2367,3.05,D,gas_central,underground_garage,True,False,True,62,62,75,1.7,False,0
MUC-1453,Pasing-Obermenzing,suburbs,mid,maisonette,48.140084,11.455877,158.1,6,4,1934,renovated,811000,750K-1M,5130,2705,4.0,C,underfloor,none,False,True,True,73,71,78,1.08,True,59
MUC-1454,Ramersdorf-Perlach,suburbs,entry,apartment,48.104155,11.606255,84.5,3,2,2015,renovated,441000,<500K,5219,1135,3.09,A,underfloor,outdoor_spot,False,False,False,70,73,73,2.0,False,0
MUC-1455,Haidhausen,inner_ring,mid,maisonette,48.116512,11.593944,99.5,3,1,1966,needs_renovation,691000,500K-750K,6948,2029,3.52,A+,heat_pump,underground_garage,True,True,True,64,63,70,1.7,True,22
MUC-1456,Feldmoching,suburbs,entry,maisonette,48.216255,11.530012,84.6,3,4,1921,good,477000,<500K,5637,1787,4.5,A,district_heating,outdoor_spot,True,True,True,80,79,80,0.74,True,129
MUC-1457,Bogenhausen,inner_ring,premium,maisonette,48.136468,11.619082,138.6,5,4,1940,renovated,1302000,1M+,9392,3388,3.12,D,gas_central,none,False,True,True,65,56,64,2.45,False,0
MUC-1458,Aubing,suburbs,entry,studio,48.147833,11.436007,32.3,1,4,1966,needs_renovation,158000,<500K,4895,484,3.68,D,district_heating,underground_garage,True,True,True,68,63,67,2.08,False,0
MUC-1459,Schwabing-Freimann,inner_ring,premium,studio,48.180413,11.578279,34.6,2,1,1983,new_build,290000,<500K,8395,789,3.26,A,underfloor,outdoor_spot,True,False,False,59,68,71,1.88,False,0
MUC-1460,Bogenhausen,inner_ring,premium,maisonette,48.158456,11.624350,84.0,3,6,1972,needs_renovation,719000,500K-750K,8555,1918,3.2,D,underfloor,outdoor_spot,True,True,True,62,66,66,2.54,False,0
MUC-1461,Maxvorstadt,city_center,luxury,loft,48.156585,11.560145,60.6,3,4,1968,renovated,586000,500K-750K,9666,2115,4.33,C,underfloor,underground_garage,True,True,True,79,75,74,1.43,False,0
MUC-1462,Schwabing-Ost,inner_ring,premium,studio,48.166237,11.583084,23.5,1,7,1947,fair,161000,<500K,6851,498,3.71,C,underfloor,underground_garage,False,True,False,74,62,69,1.84,False,0
MUC-1463,Giesing,outer_ring,mid,townhouse,48.095598,11.599941,173.4,6,2,1930,renovated,933000,750K-1M,5382,2824,3.63,D,heat_pump,underground_garage,True,True,False,64,68,70,2.28,True,77
MUC-1464,Haidhausen,inner_ring,mid,maisonette,48.119967,11.611058,127.5,5,2,2009,fair,929000,750K-1M,7289,3159,4.08,A,gas_central,outdoor_spot,False,True,False,55,68,72,2.13,False,0
MUC-1465,Glockenbachviertel,inner_ring,premium,townhouse,48.138443,11.548408,171.0,6,0,1977,renovated,1487000,1M+,8697,4953,4.0,D,gas_central,none,True,True,True,52,66,65,2.31,False,0
MUC-1466,Feldmoching,suburbs,entry,studio,48.225623,11.524208,22.4,1,8,2024,new_build,149000,<500K,6653,498,4.01,C,heat_pump,underground_garage,False,True,False,65,64,73,1.89,True,46
MUC-1467,Trudering-Riem,suburbs,entry,maisonette,48.119477,11.652483,108.5,4,6,2001,good,640000,500K-750K,5900,2380,4.46,A,district_heating,none,True,True,True,72,70,83,1.08,True,160
MUC-1468,Trudering-Riem,suburbs,entry,loft,48.107593,11.649523,124.5,5,6,1947,renovated,755000,750K-1M,6061,2429,3.86,D,underfloor,outdoor_spot,True,True,True,80,81,75,1.33,False,0
MUC-1469,Neuhausen-Nymphenburg,inner_ring,premium,townhouse,48.157081,11.513628,149.7,6,6,2006,renovated,1002000,1M+,6694,3689,4.42,C,heat_pump,outdoor_spot,False,True,True,78,87,87,0.61,False,0
MUC-1470,Neuhausen-Nymphenburg,inner_ring,premium,loft,48.158238,11.517341,111.6,4,6,1936,fair,1101000,1M+,9866,3001,3.27,D,district_heating,none,True,True,False,78,75,74,1.12,False,0
MUC-1471,Sendling,outer_ring,mid,studio,48.121096,11.527572,26.7,1,6,1921,needs_renovation,132000,<500K,4958,436,3.96,D,underfloor,none,False,True,True,70,65,65,2.11,True,57
MUC-1472,Pasing-Obermenzing,suburbs,mid,townhouse,48.133452,11.459414,227.0,8,4,2004,new_build,1476000,1M+,6501,5484,4.46,C,district_heating,underground_garage,False,True,False,65,66,66,2.09,True,47
MUC-1473,Schwabing-West,inner_ring,premium,penthouse,48.152957,11.578439,152.5,5,0,1972,new_build,1388000,1M+,9101,4599,3.98,C,gas_central,underground_garage,False,True,True,62,71,72,2.1,False,0
MUC-1474,Aubing,suburbs,entry,studio,48.152715,11.411616,44.9,2,8,1920,renovated,248000,<500K,5525,702,3.4,D,gas_central,outdoor_spot,True,True,True,67,67,72,1.94,True,36
MUC-1475,Neuhausen-Nymphenburg,inner_ring,premium,penthouse,48.146903,11.526348,132.8,5,1,1964,needs_renovation,905000,750K-1M,6816,2812,3.73,B,gas_central,none,False,False,True,61,70,75,2.19,False,0
MUC-1476,Feldmoching,suburbs,entry,townhouse,48.210178,11.536923,183.2,7,6,1996,good,1081000,1M+,5899,3578,3.97,D,district_heating,outdoor_spot,False,True,True,68,71,73,1.66,False,0
MUC-1477,Sendling,outer_ring,mid,townhouse,48.115085,11.531604,252.6,9,6,1923,new_build,1778000,1M+,7038,5191,3.5,C,heat_pump,underground_garage,True,True,False,72,67,79,1.33,False,0
MUC-1478,Moosach,outer_ring,mid,studio,48.175231,11.520924,42.7,2,6,1956,needs_renovation,207000,<500K,4852,576,3.34,D,underfloor,none,True,True,False,77,80,80,1.38,False,0
MUC-1479,Giesing,outer_ring,mid,maisonette,48.099031,11.597982,84.7,3,1,1935,fair,472000,<500K,5575,1381,3.51,E,district_heating,outdoor_spot,False,True,False,68,64,75,1.82,True,137
MUC-1480,Maximiliansviertel,city_center,ultra,apartment,48.127539,11.593443,79.6,3,6,2012,good,873000,750K-1M,10965,3038,4.18,C,underfloor,outdoor_spot,True,True,False,67,64,74,1.9,False,0
MUC-1481,Schwabing-Freimann,inner_ring,premium,apartment,48.161803,11.575435,48.2,2,6,1948,renovated,318000,<500K,6601,1094,4.13,D,district_heating,outdoor_spot,True,True,True,56,55,58,2.92,True,78
MUC-1482,Schwabing-West,inner_ring,premium,maisonette,48.157429,11.573738,107.0,3,2,1994,fair,742000,500K-750K,6933,2163,3.5,D,district_heating,none,True,True,False,78,81,83,1.21,False,0
MUC-1483,Sendling,outer_ring,mid,penthouse,48.108726,11.544726,104.7,4,1,1965,needs_renovation,642000,500K-750K,6130,1807,3.38,C,gas_central,underground_garage,False,False,False,77,74,70,1.52,True,27
MUC-1484,Moosach,outer_ring,mid,loft,48.175108,11.521616,101.1,3,4,2010,fair,699000,500K-750K,6918,2518,4.32,C,gas_central,outdoor_spot,False,True,True,72,83,77,1.11,True,43
MUC-1485,Pasing-Obermenzing,suburbs,mid,apartment,48.151636,11.451517,49.0,2,1,1950,new_build,390000,<500K,7949,1070,3.29,E,district_heating,outdoor_spot,True,True,False,75,71,73,1.45,True,131
MUC-1486,Moosach,outer_ring,mid,apartment,48.171376,11.512078,39.7,1,6,1944,good,233000,<500K,5858,636,3.28,A+,gas_central,underground_garage,False,True,True,67,66,67,1.95,True,10
MUC-1487,Feldmoching,suburbs,entry,apartment,48.209088,11.515075,61.2,3,6,1970,fair,271000,<500K,4428,936,4.14,B,heat_pump,none,True,True,False,56,57,73,2.3,True,25
MUC-1488,Haidhausen,inner_ring,mid,maisonette,48.127278,11.603814,153.9,6,3,1941,good,1289000,1M+,8376,3502,3.26,C,district_heating,underground_garage,False,True,True,83,88,83,0.75,True,3
MUC-1489,Aubing,suburbs,entry,apartment,48.140651,11.422315,81.4,3,1,1925,new_build,486000,<500K,5970,1841,4.55,A,heat_pump,none,False,False,True,78,71,74,1.13,True,140
MUC-1490,Sendling,outer_ring,mid,maisonette,48.116922,11.530406,81.4,3,5,1986,needs_renovation,459000,<500K,5639,1309,3.42,B,gas_central,outdoor_spot,True,True,True,75,67,75,1.42,True,179
MUC-1491,Ramersdorf-Perlach,suburbs,entry,penthouse,48.090426,11.620431,237.3,8,1,1955,needs_renovation,1208000,1M+,5091,3726,3.7,E,underfloor,none,True,False,False,70,65,76,1.69,True,11
MUC-1492,Feldmoching,suburbs,entry,loft,48.215182,11.523398,69.8,3,5,1956,new_build,493000,<500K,7067,1552,3.78,D,gas_central,outdoor_spot,True,True,False,79,72,85,0.97,True,76
MUC-1493,Altstadt-Lehel,city_center,luxury,loft,48.136093,11.566920,69.9,2,0,1975,good,720000,500K-750K,10299,1801,3.0,D,gas_central,underground_garage,False,True,True,77,74,84,0.99,True,150
MUC-1494,Schwabing-West,inner_ring,premium,studio,48.158079,11.554064,27.7,1,6,1974,fair,279000,<500K,10090,733,3.15,D,heat_pump,none,False,True,True,64,64,74,1.84,False,0
MUC-1495,Sendling,outer_ring,mid,studio,48.104257,11.539429,29.0,1,7,1989,renovated,195000,<500K,6732,710,4.37,E,heat_pump,outdoor_spot,False,True,False,67,71,73,1.47,True,106
MUC-1496,Au-Haidhausen,inner_ring,mid,maisonette,48.112064,11.590667,88.8,3,4,2020,renovated,685000,500K-750K,7718,2045,3.58,D,gas_central,outdoor_spot,True,True,False,72,73,67,1.9,False,0
MUC-1497,Maximiliansviertel,city_center,ultra,apartment,48.137645,11.575730,60.7,3,1,1962,needs_renovation,476000,<500K,7841,1370,3.45,D,district_heating,none,False,False,True,69,64,78,1.51,False,0
MUC-1498,Glockenbachviertel,inner_ring,premium,townhouse,48.120974,11.571852,237.8,8,4,2012,new_build,2652000,1M+,11151,8780,3.97,C,gas_central,underground_garage,True,True,False,57,59,76,2.05,True,130
MUC-1499,Au-Haidhausen,inner_ring,mid,studio,48.120777,11.601681,31.3,2,3,1989,good,261000,<500K,8330,884,4.06,B,gas_central,underground_garage,True,True,True,67,65,74,1.93,False,0
